requirement_code,module,category_code,restricted,notes
AEU-002,MOD-ACCIDENT-EMERGENCY,WASTE_MANAGEMENT,false,
AEU-004,MOD-ACCIDENT-EMERGENCY,CLINICAL_FURNITURE,false,Examination couch with desk and chair
AEU-010,MOD-ACCIDENT-EMERGENCY,SUCTION_OXYGEN_DELIVERY,false,
AEU-017,MOD-ACCIDENT-EMERGENCY,SUCTION_OXYGEN_DELIVERY,false,
AEU-020,MOD-ACCIDENT-EMERGENCY,FACILITY_GENERAL_SUPPLIES,false,
AEU-031,MOD-ACCIDENT-EMERGENCY,SUCTION_OXYGEN_DELIVERY,false,
AEU-037,MOD-ACCIDENT-EMERGENCY,PATIENT_MONITORING,false,
AEU-038,MOD-ACCIDENT-EMERGENCY,DIAGNOSTIC_INSTRUMENTS,false,
AEU-039,MOD-ACCIDENT-EMERGENCY,MEDICAL_LIGHTING,false,
AEU-040,MOD-ACCIDENT-EMERGENCY,MEDICAL_LIGHTING,false,
AEU-041,MOD-ACCIDENT-EMERGENCY,SUCTION_OXYGEN_DELIVERY,false,
AEU-042,MOD-ACCIDENT-EMERGENCY,SUCTION_OXYGEN_DELIVERY,false,
AEU-044,MOD-ACCIDENT-EMERGENCY,CLINICAL_FURNITURE,false,
AEU-045,MOD-ACCIDENT-EMERGENCY,PATIENT_MONITORING,false,
AEU-046,MOD-ACCIDENT-EMERGENCY,PATIENT_MONITORING,false,
AEU-047,MOD-ACCIDENT-EMERGENCY,DIAGNOSTIC_INSTRUMENTS,false,
AEU-048,MOD-ACCIDENT-EMERGENCY,PATIENT_MONITORING,false,
AEU-049,MOD-ACCIDENT-EMERGENCY,CLINICAL_FURNITURE,false,
AEU-050,MOD-ACCIDENT-EMERGENCY,CLINICAL_FURNITURE,false,
AEU-051,MOD-ACCIDENT-EMERGENCY,INFUSION_INJECTION,false,
AEU-052,MOD-ACCIDENT-EMERGENCY,MEDICAL_LIGHTING,false,
AEU-053,MOD-ACCIDENT-EMERGENCY,MEDICAL_LIGHTING,false,
AEU-054,MOD-ACCIDENT-EMERGENCY,DIAGNOSTIC_IMAGING_EQUIPMENT,false,
AEU-055,MOD-ACCIDENT-EMERGENCY,SUCTION_OXYGEN_DELIVERY,false,
AEU-056,MOD-ACCIDENT-EMERGENCY,SUCTION_OXYGEN_DELIVERY,false,
AEU-057,MOD-ACCIDENT-EMERGENCY,SUCTION_OXYGEN_DELIVERY,false,
AEU-058,MOD-ACCIDENT-EMERGENCY,SUCTION_OXYGEN_DELIVERY,false,
AEU-059,MOD-ACCIDENT-EMERGENCY,EMERGENCY_RESUSCITATION,false,
AEU-060,MOD-ACCIDENT-EMERGENCY,SURGICAL_INSTRUMENTS,false,
AEU-061,MOD-ACCIDENT-EMERGENCY,EMERGENCY_RESUSCITATION,false,
AEU-062,MOD-ACCIDENT-EMERGENCY,SURGICAL_INSTRUMENTS,false,
AEU-064,MOD-ACCIDENT-EMERGENCY,CLINICAL_FURNITURE,false,Treatment trolley or theatre table
AEU-065,MOD-ACCIDENT-EMERGENCY,PATIENT_MONITORING,false,
AEU-066,MOD-ACCIDENT-EMERGENCY,PATIENT_MONITORING,false,
AEU-067,MOD-ACCIDENT-EMERGENCY,CLINICAL_FURNITURE,false,
AEU-068,MOD-ACCIDENT-EMERGENCY,CLINICAL_FURNITURE,false,
AEU-069,MOD-ACCIDENT-EMERGENCY,INFUSION_INJECTION,false,
AEU-070,MOD-ACCIDENT-EMERGENCY,MEDICAL_LIGHTING,false,
AEU-071,MOD-ACCIDENT-EMERGENCY,DIAGNOSTIC_IMAGING_EQUIPMENT,false,
AEU-072,MOD-ACCIDENT-EMERGENCY,SUCTION_OXYGEN_DELIVERY,false,
AEU-073,MOD-ACCIDENT-EMERGENCY,SUCTION_OXYGEN_DELIVERY,false,
AEU-074,MOD-ACCIDENT-EMERGENCY,SUCTION_OXYGEN_DELIVERY,false,
AEU-075,MOD-ACCIDENT-EMERGENCY,SUCTION_OXYGEN_DELIVERY,false,
AEU-076,MOD-ACCIDENT-EMERGENCY,EMERGENCY_RESUSCITATION,false,
AEU-077,MOD-ACCIDENT-EMERGENCY,ANAESTHESIA_VENTILATION,false,
AEU-079,MOD-ACCIDENT-EMERGENCY,REFRIGERATION_COLD_CHAIN,false,
AEU-080,MOD-ACCIDENT-EMERGENCY,PATIENT_TRANSPORT_MOBILITY,false,
AEU-081,MOD-ACCIDENT-EMERGENCY,PATIENT_TRANSPORT_MOBILITY,false,
AAM-008,MOD-AIR-AMBULANCE,EXCLUDED,false,"Aircraft ownership/lease evidence - contractual proof, outside marketplace scope"
AAM-017,MOD-AIR-AMBULANCE,EMERGENCY_RESUSCITATION,false,
AAM-018,MOD-AIR-AMBULANCE,PATIENT_MONITORING,false,
AAM-019,MOD-AIR-AMBULANCE,PATIENT_MONITORING,false,Manual aneroid BP monitor
AAM-020,MOD-AIR-AMBULANCE,DIAGNOSTIC_INSTRUMENTS,false,
AAM-021,MOD-AIR-AMBULANCE,ANAESTHESIA_VENTILATION,false,
AAM-022,MOD-AIR-AMBULANCE,ANAESTHESIA_VENTILATION,false,
AAM-023,MOD-AIR-AMBULANCE,EMERGENCY_RESUSCITATION,false,
AAM-024,MOD-AIR-AMBULANCE,PATIENT_TRANSPORT_MOBILITY,false,"Trauma motion-restriction kit: splints, vacuum mattress"
AAM-025,MOD-AIR-AMBULANCE,INFUSION_INJECTION,false,
AAM-026,MOD-AIR-AMBULANCE,MATERNITY_NEONATAL_EQUIPMENT,false,Child delivery and infant management kit
AAM-027,MOD-AIR-AMBULANCE,SUCTION_OXYGEN_DELIVERY,false,
AAM-028,MOD-AIR-AMBULANCE,WOUND_CARE_CONSUMABLES,false,
AAM-029,MOD-AIR-AMBULANCE,MATERNITY_NEONATAL_EQUIPMENT,false,
AAM-030,MOD-AIR-AMBULANCE,PATIENT_TRANSPORT_MOBILITY,false,
AAM-031,MOD-AIR-AMBULANCE,MEDICINES_GENERAL,true,
AAM-032,MOD-AIR-AMBULANCE,WOUND_CARE_CONSUMABLES,false,
AAM-033,MOD-AIR-AMBULANCE,LINEN_TEXTILES,false,
AAM-034,MOD-AIR-AMBULANCE,CONTROLLED_MEDICINES,true,"Double-lock DDA cupboard stock (morphine, fentanyl, pethidine)"
AAM-035,MOD-AIR-AMBULANCE,REFRIGERATION_COLD_CHAIN,false,
ALL-001,MOD-ALL-HEALTH-INSTITUTIONS,EXCLUDED,false,"Legal practice requirement (registered institutions only), not a purchasable item"
ALL-013,MOD-ALL-HEALTH-INSTITUTIONS,OFFICE_FURNITURE_FILING,false,
ALL-015,MOD-ALL-HEALTH-INSTITUTIONS,CLINICAL_FURNITURE,false,
ALL-016,MOD-ALL-HEALTH-INSTITUTIONS,REGISTERS_SIGNAGE_STATIONERY,false,
ALL-019,MOD-ALL-HEALTH-INSTITUTIONS,OFFICE_FURNITURE_FILING,false,
ALL-020,MOD-ALL-HEALTH-INSTITUTIONS,ICT_COMMUNICATIONS,false,
ALL-021,MOD-ALL-HEALTH-INSTITUTIONS,WASTE_MANAGEMENT,false,
ALL-028,MOD-ALL-HEALTH-INSTITUTIONS,WASTE_MANAGEMENT,false,
ALL-031,MOD-ALL-HEALTH-INSTITUTIONS,FIRE_SAFETY_EQUIPMENT,false,
ALL-032,MOD-ALL-HEALTH-INSTITUTIONS,FIRE_SAFETY_EQUIPMENT,false,
ALL-033,MOD-ALL-HEALTH-INSTITUTIONS,FIRE_SAFETY_EQUIPMENT,false,
ALL-038,MOD-ALL-HEALTH-INSTITUTIONS,LAUNDRY_EQUIPMENT,false,
ALL-039,MOD-ALL-HEALTH-INSTITUTIONS,LAUNDRY_EQUIPMENT,false,Drying facilities / external drying line
ALL-040,MOD-ALL-HEALTH-INSTITUTIONS,LAUNDRY_EQUIPMENT,false,
ALL-043,MOD-ALL-HEALTH-INSTITUTIONS,LAUNDRY_EQUIPMENT,false,
ALL-045,MOD-ALL-HEALTH-INSTITUTIONS,WASTE_MANAGEMENT,false,
ALL-050,MOD-ALL-HEALTH-INSTITUTIONS,LAUNDRY_EQUIPMENT,false,
ALL-051,MOD-ALL-HEALTH-INSTITUTIONS,LAUNDRY_EQUIPMENT,false,
ALL-052,MOD-ALL-HEALTH-INSTITUTIONS,EXCLUDED,false,"HPA premises registration obligation, not a purchasable item"
AMB-002,MOD-AMBULANCE,OFFICE_FURNITURE_FILING,false,
AMB-007,MOD-AMBULANCE,OFFICE_FURNITURE_FILING,false,
AMB-008,MOD-AMBULANCE,ICT_COMMUNICATIONS,false,
AMB-009,MOD-AMBULANCE,WASTE_MANAGEMENT,false,
AMB-010,MOD-AMBULANCE,CLINICAL_FURNITURE,false,On-call bed with linen
AMB-012,MOD-AMBULANCE,CLINICAL_FURNITURE,false,Ambulance-station couch with linen
AMB-013,MOD-AMBULANCE,EMERGENCY_RESUSCITATION,false,
AMB-014,MOD-AMBULANCE,EMERGENCY_RESUSCITATION,false,
AMB-015,MOD-AMBULANCE,REGISTERS_SIGNAGE_STATIONERY,false,Drug reference book
AMB-016,MOD-AMBULANCE,SUCTION_OXYGEN_DELIVERY,false,
AMB-017,MOD-AMBULANCE,SUCTION_OXYGEN_DELIVERY,false,
AMB-018,MOD-AMBULANCE,SUCTION_OXYGEN_DELIVERY,false,
AMB-019,MOD-AMBULANCE,EMERGENCY_RESUSCITATION,false,
AMB-020,MOD-AMBULANCE,EMERGENCY_RESUSCITATION,false,
AMB-021,MOD-AMBULANCE,CLINICAL_CONSUMABLES,false,Catheters
AMB-022,MOD-AMBULANCE,PATIENT_TRANSPORT_MOBILITY,false,
AMB-024,MOD-AMBULANCE,VEHICLE_FLEET_EQUIPMENT,false,
AMB-025,MOD-AMBULANCE,PATIENT_TRANSPORT_MOBILITY,false,
AUD-005,MOD-AUDIOLOGY-SPEECH,OFFICE_FURNITURE_FILING,false,
BIO-008,MOD-BIOKINETICS,OFFICE_FURNITURE_FILING,false,
BIO-010,MOD-BIOKINETICS,PHYSIOTHERAPY_REHAB_EQUIPMENT,false,
BIO-011,MOD-BIOKINETICS,CLINICAL_FURNITURE,false,
BIO-013,MOD-BIOKINETICS,LINEN_TEXTILES,false,
BIO-015,MOD-BIOKINETICS,PHYSIOTHERAPY_REHAB_EQUIPMENT,false,
BIO-016,MOD-BIOKINETICS,PHYSIOTHERAPY_REHAB_EQUIPMENT,false,
BIO-017,MOD-BIOKINETICS,PHYSIOTHERAPY_REHAB_EQUIPMENT,false,
BIO-018,MOD-BIOKINETICS,PHYSIOTHERAPY_REHAB_EQUIPMENT,false,
BIO-019,MOD-BIOKINETICS,ASSESSMENT_TOOLS,false,
BIO-020,MOD-BIOKINETICS,PATIENT_MONITORING,false,
BIO-021,MOD-BIOKINETICS,EMERGENCY_RESUSCITATION,false,
CHP-007,MOD-CHIROPODIST-PODIATRIST,PATIENT_TRANSPORT_MOBILITY,false,
CHP-008,MOD-CHIROPODIST-PODIATRIST,PHYSIOTHERAPY_REHAB_EQUIPMENT,false,
CHP-009,MOD-CHIROPODIST-PODIATRIST,CLINICAL_FURNITURE,false,Podiatry treatment chairs
CHP-010,MOD-CHIROPODIST-PODIATRIST,STERILISATION_DISINFECTION,false,
CHP-011,MOD-CHIROPODIST-PODIATRIST,STERILISATION_DISINFECTION,false,
CHP-013,MOD-CHIROPODIST-PODIATRIST,HAND_HYGIENE_SUPPLIES,false,
CHP-015,MOD-CHIROPODIST-PODIATRIST,WASTE_MANAGEMENT,false,
CHP-016,MOD-CHIROPODIST-PODIATRIST,SHARPS_CLINICAL_WASTE,false,
CHP-021,MOD-CHIROPODIST-PODIATRIST,HAND_HYGIENE_SUPPLIES,false,
CHP-022,MOD-CHIROPODIST-PODIATRIST,HAND_HYGIENE_SUPPLIES,false,
CLN-004,MOD-CLINIC,OFFICE_FURNITURE_FILING,false,
CLN-005,MOD-CLINIC,CLINICAL_FURNITURE,false,
CLN-006,MOD-CLINIC,CLINICAL_FURNITURE,false,
CLN-008,MOD-CLINIC,SHARPS_CLINICAL_WASTE,false,
CLN-009,MOD-CLINIC,WASTE_MANAGEMENT,false,
CLN-010,MOD-CLINIC,EMERGENCY_RESUSCITATION,false,
CLN-011,MOD-CLINIC,DIAGNOSTIC_INSTRUMENTS,false,
CLN-014,MOD-CLINIC,CLINICAL_FURNITURE,false,
CLN-015,MOD-CLINIC,WOUND_CARE_CONSUMABLES,false,
CLN-017,MOD-CLINIC,MEDICINES_GENERAL,true,
CLN-018,MOD-CLINIC,MEDICINES_GENERAL,true,
CLN-019,MOD-CLINIC,MEDICINES_GENERAL,true,
CLN-020,MOD-CLINIC,MEDICINES_GENERAL,true,
CLN-021,MOD-CLINIC,CONTROLLED_MEDICINES,true,Midazolam (benzodiazepine) - controlled substance
CLN-022,MOD-CLINIC,MEDICINES_GENERAL,true,
CLN-023,MOD-CLINIC,MEDICINES_GENERAL,true,
CLN-024,MOD-CLINIC,MEDICINES_GENERAL,true,
CLN-025,MOD-CLINIC,SUCTION_OXYGEN_DELIVERY,false,
CLN-026,MOD-CLINIC,EMERGENCY_RESUSCITATION,false,
CLN-027,MOD-CLINIC,EMERGENCY_RESUSCITATION,false,
CLN-028,MOD-CLINIC,EMERGENCY_RESUSCITATION,false,
CLN-029,MOD-CLINIC,EMERGENCY_RESUSCITATION,false,
CLN-030,MOD-CLINIC,INFUSION_INJECTION,false,
CLN-031,MOD-CLINIC,INFUSION_INJECTION,false,
CLN-032,MOD-CLINIC,MEDICINES_GENERAL,true,
CLN-033,MOD-CLINIC,SHARPS_CLINICAL_WASTE,false,
CLN-034,MOD-CLINIC,STERILISATION_DISINFECTION,false,
CLN-035,MOD-CLINIC,INFUSION_INJECTION,false,
CLN-036,MOD-CLINIC,EMERGENCY_RESUSCITATION,false,Resuscitation equipment
CLN-037,MOD-CLINIC,WASTE_MANAGEMENT,false,
CLN-038,MOD-CLINIC,SECURE_STORAGE,false,
CSW-002,MOD-CLINICAL-SOCIAL-WORKER,OFFICE_FURNITURE_FILING,false,
CSW-003,MOD-CLINICAL-SOCIAL-WORKER,CLINICAL_FURNITURE,false,
CSW-004,MOD-CLINICAL-SOCIAL-WORKER,OFFICE_FURNITURE_FILING,false,
CSW-005,MOD-CLINICAL-SOCIAL-WORKER,FACILITY_GENERAL_SUPPLIES,false,
CXR-006,MOD-CONVENTIONAL-RADIOGRAPHY,RADIATION_PROTECTION_SHIELDING,false,
CXR-013,MOD-CONVENTIONAL-RADIOGRAPHY,SUCTION_OXYGEN_DELIVERY,false,
CXR-014,MOD-CONVENTIONAL-RADIOGRAPHY,EMERGENCY_RESUSCITATION,false,Emergency equipment for contrast reactions
CXR-020,MOD-CONVENTIONAL-RADIOGRAPHY,DIAGNOSTIC_IMAGING_EQUIPMENT,false,
CXR-021,MOD-CONVENTIONAL-RADIOGRAPHY,RADIATION_PROTECTION_SHIELDING,false,
CXR-022,MOD-CONVENTIONAL-RADIOGRAPHY,RADIATION_PROTECTION_SHIELDING,false,
CXR-023,MOD-CONVENTIONAL-RADIOGRAPHY,DIAGNOSTIC_IMAGING_EQUIPMENT,false,
CXR-024,MOD-CONVENTIONAL-RADIOGRAPHY,DIAGNOSTIC_IMAGING_EQUIPMENT,false,
CXR-025,MOD-CONVENTIONAL-RADIOGRAPHY,EMERGENCY_RESUSCITATION,false,
CXR-026,MOD-CONVENTIONAL-RADIOGRAPHY,CLINICAL_FURNITURE,false,Radiography working table with bench
CXR-027,MOD-CONVENTIONAL-RADIOGRAPHY,DIAGNOSTIC_IMAGING_EQUIPMENT,false,
CXR-028,MOD-CONVENTIONAL-RADIOGRAPHY,CLINICAL_FURNITURE,false,Patient step for X-ray table
CXR-029,MOD-CONVENTIONAL-RADIOGRAPHY,DIAGNOSTIC_IMAGING_EQUIPMENT,false,
CXR-030,MOD-CONVENTIONAL-RADIOGRAPHY,RADIATION_PROTECTION_SHIELDING,false,
CXR-031,MOD-CONVENTIONAL-RADIOGRAPHY,ICT_COMMUNICATIONS,false,Computer workstation
CXR-032,MOD-CONVENTIONAL-RADIOGRAPHY,RADIATION_PROTECTION_SHIELDING,false,
CXR-033,MOD-CONVENTIONAL-RADIOGRAPHY,RADIATION_PROTECTION_SHIELDING,false,
CTS-011,MOD-CT,POWER_HVAC_ELECTRICAL,false,
CTS-012,MOD-CT,RADIATION_PROTECTION_SHIELDING,false,CT door safety switch wired to scanner control circuit
CTS-013,MOD-CT,RADIATION_PROTECTION_SHIELDING,false,
CTS-014,MOD-CT,RADIATION_PROTECTION_SHIELDING,false,
CTS-015,MOD-CT,RADIATION_PROTECTION_SHIELDING,false,
CTS-016,MOD-CT,RADIATION_PROTECTION_SHIELDING,false,
DEN-005,MOD-DENTAL-SURGERY,OFFICE_FURNITURE_FILING,false,
DEN-006,MOD-DENTAL-SURGERY,DENTAL_EQUIPMENT,false,
DEN-007,MOD-DENTAL-SURGERY,DENTAL_EQUIPMENT,false,Adjustable operator/assistant stools for dental surgery
DEN-009,MOD-DENTAL-SURGERY,MEDICINES_GENERAL,true,
DEN-010,MOD-DENTAL-SURGERY,MEDICINES_GENERAL,true,
DEN-011,MOD-DENTAL-SURGERY,MEDICINES_GENERAL,true,
DEN-012,MOD-DENTAL-SURGERY,MEDICINES_GENERAL,true,
DEN-013,MOD-DENTAL-SURGERY,CONTROLLED_MEDICINES,true,Midazolam (benzodiazepine) - controlled substance
DEN-014,MOD-DENTAL-SURGERY,MEDICINES_GENERAL,true,
DEN-015,MOD-DENTAL-SURGERY,MEDICINES_GENERAL,true,
DEN-016,MOD-DENTAL-SURGERY,MEDICINES_GENERAL,true,
DEN-017,MOD-DENTAL-SURGERY,SUCTION_OXYGEN_DELIVERY,false,
DEN-018,MOD-DENTAL-SURGERY,EMERGENCY_RESUSCITATION,false,
DEN-019,MOD-DENTAL-SURGERY,EMERGENCY_RESUSCITATION,false,
DEN-020,MOD-DENTAL-SURGERY,EMERGENCY_RESUSCITATION,false,
DEN-021,MOD-DENTAL-SURGERY,EMERGENCY_RESUSCITATION,false,
DEN-022,MOD-DENTAL-SURGERY,INFUSION_INJECTION,false,
DEN-023,MOD-DENTAL-SURGERY,INFUSION_INJECTION,false,
DEN-024,MOD-DENTAL-SURGERY,MEDICINES_GENERAL,true,
DEN-025,MOD-DENTAL-SURGERY,SHARPS_CLINICAL_WASTE,false,
DEN-026,MOD-DENTAL-SURGERY,WASTE_MANAGEMENT,false,
DEN-030,MOD-DENTAL-SURGERY,HAND_HYGIENE_SUPPLIES,false,
DEN-031,MOD-DENTAL-SURGERY,HAND_HYGIENE_SUPPLIES,false,
DEN-033,MOD-DENTAL-SURGERY,ICT_COMMUNICATIONS,false,Intra-oral camera and monitor screen
DEN-035,MOD-DENTAL-SURGERY,DIAGNOSTIC_IMAGING_EQUIPMENT,false,
DEN-036,MOD-DENTAL-SURGERY,DIAGNOSTIC_IMAGING_EQUIPMENT,false,
DEN-037,MOD-DENTAL-SURGERY,STERILISATION_DISINFECTION,false,
DIE-006,MOD-DIETICIAN,OFFICE_FURNITURE_FILING,false,
DIE-007,MOD-DIETICIAN,ANTHROPOMETRY_NUTRITION,false,
DIE-008,MOD-DIETICIAN,ANTHROPOMETRY_NUTRITION,false,
DIE-009,MOD-DIETICIAN,ANTHROPOMETRY_NUTRITION,false,
DIE-010,MOD-DIETICIAN,ANTHROPOMETRY_NUTRITION,false,
DIE-011,MOD-DIETICIAN,REGISTERS_SIGNAGE_STATIONERY,false,
DIE-013,MOD-DIETICIAN,OFFICE_FURNITURE_FILING,false,
DXA-002,MOD-DXA,RADIATION_PROTECTION_SHIELDING,false,
HFS-008,MOD-HOSPITAL-FOOD-SERVICES,ANTHROPOMETRY_NUTRITION,false,
HFS-009,MOD-HOSPITAL-FOOD-SERVICES,ANTHROPOMETRY_NUTRITION,false,
HFS-010,MOD-HOSPITAL-FOOD-SERVICES,ANTHROPOMETRY_NUTRITION,false,
HFS-011,MOD-HOSPITAL-FOOD-SERVICES,ANTHROPOMETRY_NUTRITION,false,
HFS-012,MOD-HOSPITAL-FOOD-SERVICES,REGISTERS_SIGNAGE_STATIONERY,false,
HFS-013,MOD-HOSPITAL-FOOD-SERVICES,ANTHROPOMETRY_NUTRITION,false,Food models for dietetic counselling
HFS-014,MOD-HOSPITAL-FOOD-SERVICES,REGISTERS_SIGNAGE_STATIONERY,false,Nutrition education wall charts
HFS-017,MOD-HOSPITAL-FOOD-SERVICES,FACILITY_GENERAL_SUPPLIES,false,
HFS-018,MOD-HOSPITAL-FOOD-SERVICES,OFFICE_FURNITURE_FILING,false,
HFS-019,MOD-HOSPITAL-FOOD-SERVICES,POINT_OF_CARE_TESTING,false,
HFS-020,MOD-HOSPITAL-FOOD-SERVICES,SHARPS_CLINICAL_WASTE,false,
HFS-021,MOD-HOSPITAL-FOOD-SERVICES,CLINICAL_FURNITURE,false,Couch
HFS-022,MOD-HOSPITAL-FOOD-SERVICES,OFFICE_FURNITURE_FILING,false,
HFS-023,MOD-HOSPITAL-FOOD-SERVICES,CLINICAL_FURNITURE,false,
HFS-024,MOD-HOSPITAL-FOOD-SERVICES,ICT_COMMUNICATIONS,false,
HFS-026,MOD-HOSPITAL-FOOD-SERVICES,WASTE_MANAGEMENT,false,
ICU-012,MOD-ICU,EMERGENCY_RESUSCITATION,false,
ICU-014,MOD-ICU,REFRIGERATION_COLD_CHAIN,false,
ICU-020,MOD-ICU,PATIENT_MONITORING,false,
ICU-021,MOD-ICU,PATIENT_MONITORING,false,
ICU-022,MOD-ICU,PATIENT_MONITORING,false,
ICU-023,MOD-ICU,PATIENT_MONITORING,false,
ICU-024,MOD-ICU,POINT_OF_CARE_TESTING,false,
ICU-025,MOD-ICU,PATIENT_MONITORING,false,
ICU-027,MOD-ICU,ANAESTHESIA_VENTILATION,false,
ICU-028,MOD-ICU,ANAESTHESIA_VENTILATION,false,
ICU-029,MOD-ICU,EMERGENCY_RESUSCITATION,false,
ICU-031,MOD-ICU,CLINICAL_FURNITURE,false,
ICU-032,MOD-ICU,INFUSION_INJECTION,false,
ICU-033,MOD-ICU,INFUSION_INJECTION,false,
ICU-034,MOD-ICU,SUCTION_OXYGEN_DELIVERY,false,
ICU-035,MOD-ICU,EMERGENCY_RESUSCITATION,false,
ICU-036,MOD-ICU,MEDICAL_LIGHTING,false,
ICU-037,MOD-ICU,LINEN_TEXTILES,false,
ICU-038,MOD-ICU,DIAGNOSTIC_INSTRUMENTS,false,
ICU-039,MOD-ICU,SUCTION_OXYGEN_DELIVERY,false,Chest drainage and suction apparatus
ICU-040,MOD-ICU,DIAGNOSTIC_INSTRUMENTS,false,
ICU-041,MOD-ICU,FACILITY_GENERAL_SUPPLIES,false,
ICU-042,MOD-ICU,FACILITY_GENERAL_SUPPLIES,false,
ICU-043,MOD-ICU,ANAESTHESIA_VENTILATION,false,
ICU-045,MOD-ICU,EMERGENCY_RESUSCITATION,false,
ICU-046,MOD-ICU,EMERGENCY_RESUSCITATION,false,
ICU-047,MOD-ICU,EMERGENCY_RESUSCITATION,false,
ICU-048,MOD-ICU,EMERGENCY_RESUSCITATION,false,
ICU-049,MOD-ICU,EMERGENCY_RESUSCITATION,false,
ICU-050,MOD-ICU,EMERGENCY_RESUSCITATION,false,
ICU-051,MOD-ICU,EMERGENCY_RESUSCITATION,false,
ICU-052,MOD-ICU,MEDICINES_GENERAL,true,
ICU-053,MOD-ICU,CLINICAL_CONSUMABLES,false,"Laryngoscope lubricant spray, not a scheduled medicine"
ICU-054,MOD-ICU,SURGICAL_INSTRUMENTS,false,
ICU-055,MOD-ICU,EMERGENCY_RESUSCITATION,false,
ICU-056,MOD-ICU,EMERGENCY_RESUSCITATION,false,
ICU-057,MOD-ICU,EMERGENCY_RESUSCITATION,false,
ICU-058,MOD-ICU,SUCTION_OXYGEN_DELIVERY,false,Suction machine on emergency trolley
ICU-059,MOD-ICU,MEDICINES_GENERAL,true,
ICU-060,MOD-ICU,INFUSION_INJECTION,false,
ICU-061,MOD-ICU,INFUSION_INJECTION,false,
ICU-062,MOD-ICU,EMERGENCY_RESUSCITATION,false,
ICU-063,MOD-ICU,SURGICAL_INSTRUMENTS,false,
LAB-004,MOD-LABORATORY,SECURE_STORAGE,false,Access-control provision (locks/controlled entry)
LAB-009,MOD-LABORATORY,EXCLUDED,false,"Containment-level practice requirement, achieved by lab design/accreditation, not a product"
LAB-011,MOD-LABORATORY,SHARPS_CLINICAL_WASTE,false,
LAB-021,MOD-LABORATORY,REGISTERS_SIGNAGE_STATIONERY,false,Safety manual/handbook
LAB-024,MOD-LABORATORY,PPE_PROTECTIVE_WEAR,false,
LAB-025,MOD-LABORATORY,STERILISATION_DISINFECTION,false,
LAB-026,MOD-LABORATORY,LABORATORY_EQUIPMENT,false,
LAB-028,MOD-LABORATORY,LABORATORY_EQUIPMENT,false,
LAB-029,MOD-LABORATORY,FIRE_SAFETY_EQUIPMENT,false,
LAB-030,MOD-LABORATORY,WASTE_MANAGEMENT,false,Waste containment and disposal facilities
LAB-032,MOD-LABORATORY,EMERGENCY_RESUSCITATION,false,
LAB-035,MOD-LABORATORY,REGISTERS_SIGNAGE_STATIONERY,false,
LAB-042,MOD-LABORATORY,SECURE_STORAGE,false,Hazardous material (gases/acids/alcohols) safety storage
MAM-002,MOD-MAMMOGRAPHY,RADIATION_PROTECTION_SHIELDING,false,
MAM-003,MOD-MAMMOGRAPHY,RADIATION_PROTECTION_SHIELDING,false,
MAM-004,MOD-MAMMOGRAPHY,RADIATION_PROTECTION_SHIELDING,false,
MAT-002,MOD-MATERNITY-HOME,CLINICAL_FURNITURE,false,
MAT-003,MOD-MATERNITY-HOME,WASTE_MANAGEMENT,false,
MAT-004,MOD-MATERNITY-HOME,CLINICAL_FURNITURE,false,
MAT-005,MOD-MATERNITY-HOME,INFUSION_INJECTION,false,
MAT-006,MOD-MATERNITY-HOME,CLINICAL_FURNITURE,false,
MAT-007,MOD-MATERNITY-HOME,CLINICAL_FURNITURE,false,
MAT-008,MOD-MATERNITY-HOME,PATIENT_TRANSPORT_MOBILITY,false,
MAT-010,MOD-MATERNITY-HOME,PATIENT_MONITORING,false,
MAT-011,MOD-MATERNITY-HOME,DIAGNOSTIC_INSTRUMENTS,false,
MAT-012,MOD-MATERNITY-HOME,MATERNITY_NEONATAL_EQUIPMENT,false,
MAT-013,MOD-MATERNITY-HOME,MATERNITY_NEONATAL_EQUIPMENT,false,
MAT-014,MOD-MATERNITY-HOME,SUCTION_OXYGEN_DELIVERY,false,
MAT-015,MOD-MATERNITY-HOME,ANTHROPOMETRY_NUTRITION,false,
MAT-016,MOD-MATERNITY-HOME,POINT_OF_CARE_TESTING,false,
MAT-017,MOD-MATERNITY-HOME,POINT_OF_CARE_TESTING,false,
MAT-018,MOD-MATERNITY-HOME,POINT_OF_CARE_TESTING,false,
MAT-019,MOD-MATERNITY-HOME,ANTHROPOMETRY_NUTRITION,false,
MAT-020,MOD-MATERNITY-HOME,SUCTION_OXYGEN_DELIVERY,false,
MAT-021,MOD-MATERNITY-HOME,PATIENT_TRANSPORT_MOBILITY,false,
MAT-022,MOD-MATERNITY-HOME,POWER_HVAC_ELECTRICAL,false,
MAT-024,MOD-MATERNITY-HOME,MEDICINES_GENERAL,true,
MAT-025,MOD-MATERNITY-HOME,MEDICINES_GENERAL,true,
MAT-026,MOD-MATERNITY-HOME,MEDICINES_GENERAL,true,
MAT-027,MOD-MATERNITY-HOME,MEDICINES_GENERAL,true,
MAT-028,MOD-MATERNITY-HOME,CONTROLLED_MEDICINES,true,Midazolam (benzodiazepine) - controlled substance
MAT-029,MOD-MATERNITY-HOME,MEDICINES_GENERAL,true,
MAT-030,MOD-MATERNITY-HOME,MEDICINES_GENERAL,true,
MAT-031,MOD-MATERNITY-HOME,MEDICINES_GENERAL,true,
MAT-032,MOD-MATERNITY-HOME,SUCTION_OXYGEN_DELIVERY,false,
MAT-033,MOD-MATERNITY-HOME,EMERGENCY_RESUSCITATION,false,
MAT-034,MOD-MATERNITY-HOME,EMERGENCY_RESUSCITATION,false,
MAT-035,MOD-MATERNITY-HOME,EMERGENCY_RESUSCITATION,false,
MAT-036,MOD-MATERNITY-HOME,EMERGENCY_RESUSCITATION,false,
MAT-037,MOD-MATERNITY-HOME,INFUSION_INJECTION,false,
MAT-038,MOD-MATERNITY-HOME,INFUSION_INJECTION,false,
MAT-039,MOD-MATERNITY-HOME,MEDICINES_GENERAL,true,
MAT-040,MOD-MATERNITY-HOME,MATERNITY_NEONATAL_EQUIPMENT,false,
MAT-041,MOD-MATERNITY-HOME,WASTE_MANAGEMENT,false,
MAT-042,MOD-MATERNITY-HOME,CLINICAL_FURNITURE,false,
MAT-043,MOD-MATERNITY-HOME,MATERNITY_NEONATAL_EQUIPMENT,false,
MAT-044,MOD-MATERNITY-HOME,ANTHROPOMETRY_NUTRITION,false,
MAT-045,MOD-MATERNITY-HOME,FACILITY_GENERAL_SUPPLIES,false,
MAT-046,MOD-MATERNITY-HOME,INFUSION_INJECTION,false,
MAT-047,MOD-MATERNITY-HOME,CLINICAL_FURNITURE,false,
MAT-048,MOD-MATERNITY-HOME,CLINICAL_FURNITURE,false,
MAT-049,MOD-MATERNITY-HOME,WASTE_MANAGEMENT,false,
MAT-050,MOD-MATERNITY-HOME,MEDICAL_LIGHTING,false,
MAT-051,MOD-MATERNITY-HOME,CLINICAL_FURNITURE,false,Single bowl stand
MAT-052,MOD-MATERNITY-HOME,CLINICAL_FURNITURE,false,
MAT-053,MOD-MATERNITY-HOME,STERILISATION_DISINFECTION,false,
MAT-055,MOD-MATERNITY-HOME,MATERNITY_NEONATAL_EQUIPMENT,false,
MAT-056,MOD-MATERNITY-HOME,DIAGNOSTIC_INSTRUMENTS,false,
MAT-057,MOD-MATERNITY-HOME,MATERNITY_NEONATAL_EQUIPMENT,false,
MAT-058,MOD-MATERNITY-HOME,PATIENT_MONITORING,false,
MAT-059,MOD-MATERNITY-HOME,EMERGENCY_RESUSCITATION,false,
MAT-060,MOD-MATERNITY-HOME,EMERGENCY_RESUSCITATION,false,
MAT-061,MOD-MATERNITY-HOME,SUCTION_OXYGEN_DELIVERY,false,
MAT-062,MOD-MATERNITY-HOME,SUCTION_OXYGEN_DELIVERY,false,
MAT-063,MOD-MATERNITY-HOME,SUCTION_OXYGEN_DELIVERY,false,
MAT-064,MOD-MATERNITY-HOME,MATERNITY_NEONATAL_EQUIPMENT,false,
MAT-065,MOD-MATERNITY-HOME,SUCTION_OXYGEN_DELIVERY,false,
MAT-066,MOD-MATERNITY-HOME,MATERNITY_NEONATAL_EQUIPMENT,false,
MAT-067,MOD-MATERNITY-HOME,SUCTION_OXYGEN_DELIVERY,false,
MAT-068,MOD-MATERNITY-HOME,SUCTION_OXYGEN_DELIVERY,false,
MAT-069,MOD-MATERNITY-HOME,REGISTERS_SIGNAGE_STATIONERY,false,
MAT-070,MOD-MATERNITY-HOME,REGISTERS_SIGNAGE_STATIONERY,false,
MAT-071,MOD-MATERNITY-HOME,ANTHROPOMETRY_NUTRITION,false,
MAT-072,MOD-MATERNITY-HOME,PPE_PROTECTIVE_WEAR,false,
MAT-073,MOD-MATERNITY-HOME,MEDICINES_GENERAL,true,
MAT-074,MOD-MATERNITY-HOME,MATERNITY_NEONATAL_EQUIPMENT,false,
MAT-075,MOD-MATERNITY-HOME,MATERNITY_NEONATAL_EQUIPMENT,false,
MAT-076,MOD-MATERNITY-HOME,FACILITY_GENERAL_SUPPLIES,false,
MAT-077,MOD-MATERNITY-HOME,ANTHROPOMETRY_NUTRITION,false,
MAT-078,MOD-MATERNITY-HOME,WASTE_MANAGEMENT,false,
MAT-079,MOD-MATERNITY-HOME,MATERNITY_NEONATAL_EQUIPMENT,false,
MAT-080,MOD-MATERNITY-HOME,ANAESTHESIA_VENTILATION,false,
MAT-081,MOD-MATERNITY-HOME,PATIENT_MONITORING,false,
MAT-082,MOD-MATERNITY-HOME,PATIENT_MONITORING,false,
MAT-083,MOD-MATERNITY-HOME,INFUSION_INJECTION,false,
MAT-084,MOD-MATERNITY-HOME,INFUSION_INJECTION,false,
MAT-085,MOD-MATERNITY-HOME,ANTHROPOMETRY_NUTRITION,false,
MAT-086,MOD-MATERNITY-HOME,FACILITY_GENERAL_SUPPLIES,false,
MAT-087,MOD-MATERNITY-HOME,EMERGENCY_RESUSCITATION,false,
MAT-088,MOD-MATERNITY-HOME,SUCTION_OXYGEN_DELIVERY,false,
MAT-089,MOD-MATERNITY-HOME,SUCTION_OXYGEN_DELIVERY,false,
MAT-091,MOD-MATERNITY-HOME,CLINICAL_FURNITURE,false,
MAT-092,MOD-MATERNITY-HOME,INFUSION_INJECTION,false,
MAT-093,MOD-MATERNITY-HOME,WASTE_MANAGEMENT,false,
MAT-094,MOD-MATERNITY-HOME,CLINICAL_FURNITURE,false,
MAT-095,MOD-MATERNITY-HOME,LAUNDRY_EQUIPMENT,false,
MAT-096,MOD-MATERNITY-HOME,LAUNDRY_EQUIPMENT,false,
MAT-097,MOD-MATERNITY-HOME,CLINICAL_FURNITURE,false,
MAT-098,MOD-MATERNITY-HOME,SUCTION_OXYGEN_DELIVERY,false,
MAT-099,MOD-MATERNITY-HOME,SUCTION_OXYGEN_DELIVERY,false,
MAT-100,MOD-MATERNITY-HOME,CLINICAL_FURNITURE,false,
MAT-101,MOD-MATERNITY-HOME,CLINICAL_FURNITURE,false,
MAT-102,MOD-MATERNITY-HOME,PATIENT_TRANSPORT_MOBILITY,false,Bed lifter - patient handling
MAT-103,MOD-MATERNITY-HOME,CLINICAL_FURNITURE,false,
MAT-104,MOD-MATERNITY-HOME,MATERNITY_NEONATAL_EQUIPMENT,false,
MAT-105,MOD-MATERNITY-HOME,WASTE_MANAGEMENT,false,
MAT-106,MOD-MATERNITY-HOME,LAUNDRY_EQUIPMENT,false,
MAT-107,MOD-MATERNITY-HOME,FACILITY_GENERAL_SUPPLIES,false,
MAT-108,MOD-MATERNITY-HOME,INFUSION_INJECTION,false,
MAT-109,MOD-MATERNITY-HOME,INFUSION_INJECTION,false,
MAT-110,MOD-MATERNITY-HOME,CLINICAL_FURNITURE,false,
MAT-111,MOD-MATERNITY-HOME,CLINICAL_FURNITURE,false,
MAT-112,MOD-MATERNITY-HOME,CLINICAL_FURNITURE,false,
MAT-113,MOD-MATERNITY-HOME,CLINICAL_FURNITURE,false,
MAT-114,MOD-MATERNITY-HOME,CLINICAL_FURNITURE,false,Food bain-marie trolley
MAT-115,MOD-MATERNITY-HOME,CLINICAL_FURNITURE,false,
MAT-116,MOD-MATERNITY-HOME,PATIENT_TRANSPORT_MOBILITY,false,
MAT-118,MOD-MATERNITY-HOME,PATIENT_MONITORING,false,
MAT-119,MOD-MATERNITY-HOME,DIAGNOSTIC_INSTRUMENTS,false,
MAT-120,MOD-MATERNITY-HOME,MEDICAL_LIGHTING,false,
MAT-121,MOD-MATERNITY-HOME,SUCTION_OXYGEN_DELIVERY,false,
MAT-122,MOD-MATERNITY-HOME,SUCTION_OXYGEN_DELIVERY,false,
MAT-123,MOD-MATERNITY-HOME,POINT_OF_CARE_TESTING,false,
MCR-005,MOD-MEDICAL-CONSULTING,OFFICE_FURNITURE_FILING,false,
MCR-006,MOD-MEDICAL-CONSULTING,CLINICAL_FURNITURE,false,
MCR-007,MOD-MEDICAL-CONSULTING,CLINICAL_FURNITURE,false,
MCR-008,MOD-MEDICAL-CONSULTING,CLINICAL_FURNITURE,false,
MCR-010,MOD-MEDICAL-CONSULTING,WASTE_MANAGEMENT,false,
MCR-012,MOD-MEDICAL-CONSULTING,MEDICINES_GENERAL,true,
MCR-013,MOD-MEDICAL-CONSULTING,MEDICINES_GENERAL,true,
MCR-014,MOD-MEDICAL-CONSULTING,MEDICINES_GENERAL,true,
MCR-015,MOD-MEDICAL-CONSULTING,MEDICINES_GENERAL,true,
MCR-016,MOD-MEDICAL-CONSULTING,CONTROLLED_MEDICINES,true,Midazolam (benzodiazepine) - controlled substance
MCR-017,MOD-MEDICAL-CONSULTING,MEDICINES_GENERAL,true,
MCR-018,MOD-MEDICAL-CONSULTING,MEDICINES_GENERAL,true,
MCR-019,MOD-MEDICAL-CONSULTING,MEDICINES_GENERAL,true,
MCR-020,MOD-MEDICAL-CONSULTING,SUCTION_OXYGEN_DELIVERY,false,
MCR-021,MOD-MEDICAL-CONSULTING,EMERGENCY_RESUSCITATION,false,
MCR-022,MOD-MEDICAL-CONSULTING,EMERGENCY_RESUSCITATION,false,
MCR-023,MOD-MEDICAL-CONSULTING,EMERGENCY_RESUSCITATION,false,
MCR-024,MOD-MEDICAL-CONSULTING,EMERGENCY_RESUSCITATION,false,
MCR-025,MOD-MEDICAL-CONSULTING,INFUSION_INJECTION,false,
MCR-026,MOD-MEDICAL-CONSULTING,INFUSION_INJECTION,false,
MCR-027,MOD-MEDICAL-CONSULTING,MEDICINES_GENERAL,true,
MCR-028,MOD-MEDICAL-CONSULTING,SHARPS_CLINICAL_WASTE,false,
MCR-030,MOD-MEDICAL-CONSULTING,OPTOMETRY_DIAGNOSTIC,false,
MCR-031,MOD-MEDICAL-CONSULTING,OPTOMETRY_DIAGNOSTIC,false,
MCR-032,MOD-MEDICAL-CONSULTING,OPTICAL_DISPENSING,false,
MCR-033,MOD-MEDICAL-CONSULTING,OPTOMETRY_DIAGNOSTIC,false,
MCR-034,MOD-MEDICAL-CONSULTING,OPTOMETRY_DIAGNOSTIC,false,
MCR-035,MOD-MEDICAL-CONSULTING,PATIENT_MONITORING,false,
MCR-036,MOD-MEDICAL-CONSULTING,DIAGNOSTIC_INSTRUMENTS,false,
MCR-037,MOD-MEDICAL-CONSULTING,MATERNITY_NEONATAL_EQUIPMENT,false,Fetoscope
MCR-038,MOD-MEDICAL-CONSULTING,ANTHROPOMETRY_NUTRITION,false,
MCR-039,MOD-MEDICAL-CONSULTING,POINT_OF_CARE_TESTING,false,
MCR-040,MOD-MEDICAL-CONSULTING,ANTHROPOMETRY_NUTRITION,false,
MCR-041,MOD-MEDICAL-CONSULTING,PATIENT_TRANSPORT_MOBILITY,false,
MCR-042,MOD-MEDICAL-CONSULTING,POWER_HVAC_ELECTRICAL,false,
MCR-043,MOD-MEDICAL-CONSULTING,DIAGNOSTIC_INSTRUMENTS,false,
MCR-044,MOD-MEDICAL-CONSULTING,DIAGNOSTIC_INSTRUMENTS,false,
MCR-045,MOD-MEDICAL-CONSULTING,PPE_PROTECTIVE_WEAR,false,
MCR-046,MOD-MEDICAL-CONSULTING,DIAGNOSTIC_INSTRUMENTS,false,
MCR-048,MOD-MEDICAL-CONSULTING,DIAGNOSTIC_IMAGING_EQUIPMENT,false,
MCR-050,MOD-MEDICAL-CONSULTING,CLINICAL_FURNITURE,false,
MCR-051,MOD-MEDICAL-CONSULTING,WOUND_CARE_CONSUMABLES,false,
MCR-052,MOD-MEDICAL-CONSULTING,EMERGENCY_RESUSCITATION,false,
MCR-053,MOD-MEDICAL-CONSULTING,SHARPS_CLINICAL_WASTE,false,
MCR-054,MOD-MEDICAL-CONSULTING,STERILISATION_DISINFECTION,false,
MCR-055,MOD-MEDICAL-CONSULTING,INFUSION_INJECTION,false,
MCR-057,MOD-MEDICAL-CONSULTING,WASTE_MANAGEMENT,false,
MRI-009,MOD-MRI,POWER_HVAC_ELECTRICAL,false,Power conditioning
MRI-010,MOD-MRI,RADIATION_PROTECTION_SHIELDING,false,
MRI-011,MOD-MRI,RADIATION_PROTECTION_SHIELDING,false,Cryogen venting / quench exhaust installation
MRI-013,MOD-MRI,RADIATION_PROTECTION_SHIELDING,false,
MRI-014,MOD-MRI,RADIATION_PROTECTION_SHIELDING,false,
MRI-015,MOD-MRI,DIAGNOSTIC_IMAGING_EQUIPMENT,false,"MRI-compatible accessory set (sphyg, wheelchair, injector)"
NTR-005,MOD-NATURAL-THERAPIST,OFFICE_FURNITURE_FILING,false,
NTR-006,MOD-NATURAL-THERAPIST,CLINICAL_FURNITURE,false,
NTR-010,MOD-NATURAL-THERAPIST,SHARPS_CLINICAL_WASTE,false,
NTR-011,MOD-NATURAL-THERAPIST,WASTE_MANAGEMENT,false,
NTR-012,MOD-NATURAL-THERAPIST,HAND_HYGIENE_SUPPLIES,false,
NTR-013,MOD-NATURAL-THERAPIST,DIAGNOSTIC_INSTRUMENTS,false,
NTR-016,MOD-NATURAL-THERAPIST,NATURAL_THERAPY_EQUIPMENT,false,
NTR-017,MOD-NATURAL-THERAPIST,NATURAL_THERAPY_EQUIPMENT,false,
NTR-018,MOD-NATURAL-THERAPIST,NATURAL_THERAPY_EQUIPMENT,false,
NTR-025,MOD-NATURAL-THERAPIST,ICT_COMMUNICATIONS,false,
NTR-026,MOD-NATURAL-THERAPIST,ICT_COMMUNICATIONS,false,
NTR-027,MOD-NATURAL-THERAPIST,ANTHROPOMETRY_NUTRITION,false,
NTR-030,MOD-NATURAL-THERAPIST,CLINICAL_FURNITURE,false,Examination/treatment table
NUC-011,MOD-NUCLEAR-MEDICINE,DIAGNOSTIC_IMAGING_EQUIPMENT,false,
NUC-012,MOD-NUCLEAR-MEDICINE,DIAGNOSTIC_IMAGING_EQUIPMENT,false,Gamma camera computer workstation
NUC-013,MOD-NUCLEAR-MEDICINE,RADIATION_PROTECTION_SHIELDING,false,
NUC-014,MOD-NUCLEAR-MEDICINE,RADIATION_PROTECTION_SHIELDING,false,
NUC-016,MOD-NUCLEAR-MEDICINE,NUCLEAR_MEDICINE_SUPPLIES,false,
NUC-017,MOD-NUCLEAR-MEDICINE,NUCLEAR_MEDICINE_SUPPLIES,false,
NUC-018,MOD-NUCLEAR-MEDICINE,RADIATION_PROTECTION_SHIELDING,false,
NUC-020,MOD-NUCLEAR-MEDICINE,PPE_PROTECTIVE_WEAR,false,
NUC-021,MOD-NUCLEAR-MEDICINE,CLINICAL_CONSUMABLES,false,Absorbent tissues for radiopharmacy
NUC-022,MOD-NUCLEAR-MEDICINE,RADIATION_PROTECTION_SHIELDING,false,
NUC-023,MOD-NUCLEAR-MEDICINE,RADIATION_PROTECTION_SHIELDING,false,
NUC-024,MOD-NUCLEAR-MEDICINE,RADIATION_PROTECTION_SHIELDING,false,
NUC-026,MOD-NUCLEAR-MEDICINE,INFUSION_INJECTION,false,
NUC-027,MOD-NUCLEAR-MEDICINE,NUCLEAR_MEDICINE_SUPPLIES,false,
NUC-028,MOD-NUCLEAR-MEDICINE,NUCLEAR_MEDICINE_SUPPLIES,false,
NUC-029,MOD-NUCLEAR-MEDICINE,RADIATION_PROTECTION_SHIELDING,false,
NUC-030,MOD-NUCLEAR-MEDICINE,NUCLEAR_MEDICINE_SUPPLIES,false,
NUC-031,MOD-NUCLEAR-MEDICINE,NUCLEAR_MEDICINE_SUPPLIES,false,
NUC-033,MOD-NUCLEAR-MEDICINE,CLINICAL_FURNITURE,false,Injection chair
NUC-034,MOD-NUCLEAR-MEDICINE,NUCLEAR_MEDICINE_SUPPLIES,false,Radiopharmacy spill tray
NUC-035,MOD-NUCLEAR-MEDICINE,NUCLEAR_MEDICINE_SUPPLIES,false,Shielded radioactive waste container
OCT-008,MOD-OCCUPATIONAL-THERAPY,CLINICAL_FURNITURE,false,
OCT-009,MOD-OCCUPATIONAL-THERAPY,PHYSIOTHERAPY_REHAB_EQUIPMENT,false,Therapy treatment table
OCT-010,MOD-OCCUPATIONAL-THERAPY,PHYSIOTHERAPY_REHAB_EQUIPMENT,false,
OCT-011,MOD-OCCUPATIONAL-THERAPY,PHYSIOTHERAPY_REHAB_EQUIPMENT,false,Universal exercise unit
OCT-013,MOD-OCCUPATIONAL-THERAPY,ASSESSMENT_TOOLS,false,
OCT-014,MOD-OCCUPATIONAL-THERAPY,ASSESSMENT_TOOLS,false,
OCT-015,MOD-OCCUPATIONAL-THERAPY,ASSESSMENT_TOOLS,false,
OCT-016,MOD-OCCUPATIONAL-THERAPY,ASSESSMENT_TOOLS,false,Tape measure within OT assessment kit
OCT-017,MOD-OCCUPATIONAL-THERAPY,ASSESSMENT_TOOLS,false,
OCT-018,MOD-OCCUPATIONAL-THERAPY,ASSESSMENT_TOOLS,false,
OCT-019,MOD-OCCUPATIONAL-THERAPY,ASSESSMENT_TOOLS,false,
OCT-020,MOD-OCCUPATIONAL-THERAPY,ASSESSMENT_TOOLS,false,
OCT-021,MOD-OCCUPATIONAL-THERAPY,ASSESSMENT_TOOLS,false,
OCT-023,MOD-OCCUPATIONAL-THERAPY,PHYSIOTHERAPY_REHAB_EQUIPMENT,false,
OCT-024,MOD-OCCUPATIONAL-THERAPY,PHYSIOTHERAPY_REHAB_EQUIPMENT,false,
OCT-025,MOD-OCCUPATIONAL-THERAPY,PHYSIOTHERAPY_REHAB_EQUIPMENT,false,
OCT-026,MOD-OCCUPATIONAL-THERAPY,PHYSIOTHERAPY_REHAB_EQUIPMENT,false,
OCT-027,MOD-OCCUPATIONAL-THERAPY,PHYSIOTHERAPY_REHAB_EQUIPMENT,false,
OCT-028,MOD-OCCUPATIONAL-THERAPY,PHYSIOTHERAPY_REHAB_EQUIPMENT,false,
OCT-029,MOD-OCCUPATIONAL-THERAPY,PHYSIOTHERAPY_REHAB_EQUIPMENT,false,
OCT-030,MOD-OCCUPATIONAL-THERAPY,PHYSIOTHERAPY_REHAB_EQUIPMENT,false,
OCT-031,MOD-OCCUPATIONAL-THERAPY,PHYSIOTHERAPY_REHAB_EQUIPMENT,false,
OCT-032,MOD-OCCUPATIONAL-THERAPY,PHYSIOTHERAPY_REHAB_EQUIPMENT,false,
OCT-033,MOD-OCCUPATIONAL-THERAPY,PHYSIOTHERAPY_REHAB_EQUIPMENT,false,
OCT-034,MOD-OCCUPATIONAL-THERAPY,WASTE_MANAGEMENT,false,
OPT-005,MOD-OPTICAL-ROOMS,OFFICE_FURNITURE_FILING,false,
OPT-006,MOD-OPTICAL-ROOMS,CLINICAL_FURNITURE,false,
OPT-007,MOD-OPTICAL-ROOMS,CLINICAL_FURNITURE,false,
OPT-008,MOD-OPTICAL-ROOMS,WASTE_MANAGEMENT,false,
OPT-009,MOD-OPTICAL-ROOMS,OPTOMETRY_DIAGNOSTIC,false,Visual acuity chart
OPT-010,MOD-OPTICAL-ROOMS,OPTICAL_DISPENSING,false,
OPT-011,MOD-OPTICAL-ROOMS,OPTOMETRY_DIAGNOSTIC,false,
OPT-012,MOD-OPTICAL-ROOMS,OPTOMETRY_DIAGNOSTIC,false,Near vision charts
OPT-013,MOD-OPTICAL-ROOMS,OPTOMETRY_DIAGNOSTIC,false,
OPT-014,MOD-OPTICAL-ROOMS,OPTOMETRY_DIAGNOSTIC,false,
OPT-015,MOD-OPTICAL-ROOMS,OPTOMETRY_DIAGNOSTIC,false,
OPT-016,MOD-OPTICAL-ROOMS,OPTOMETRY_DIAGNOSTIC,false,
OPT-017,MOD-OPTICAL-ROOMS,OPTOMETRY_DIAGNOSTIC,false,
OPT-018,MOD-OPTICAL-ROOMS,OPTOMETRY_DIAGNOSTIC,false,
OPT-019,MOD-OPTICAL-ROOMS,OPTOMETRY_DIAGNOSTIC,false,
OPT-020,MOD-OPTICAL-ROOMS,OPTOMETRY_DIAGNOSTIC,false,
OPT-021,MOD-OPTICAL-ROOMS,OPTICAL_DISPENSING,false,
OPT-022,MOD-OPTICAL-ROOMS,OPTICAL_DISPENSING,false,
OPT-023,MOD-OPTICAL-ROOMS,OPTICAL_DISPENSING,false,Fitting mirror
OPT-024,MOD-OPTICAL-ROOMS,OPTICAL_DISPENSING,false,
OPT-025,MOD-OPTICAL-ROOMS,OPTICAL_DISPENSING,false,
OPT-026,MOD-OPTICAL-ROOMS,OPTICAL_DISPENSING,false,
OPT-027,MOD-OPTICAL-ROOMS,OPTICAL_DISPENSING,false,
OPT-028,MOD-OPTICAL-ROOMS,OPTICAL_DISPENSING,false,
OPT-029,MOD-OPTICAL-ROOMS,CLINICAL_FURNITURE,false,
OPT-030,MOD-OPTICAL-ROOMS,CLINICAL_FURNITURE,false,
OPT-031,MOD-OPTICAL-ROOMS,OPTICAL_DISPENSING,false,
OPT-032,MOD-OPTICAL-ROOMS,OPTICAL_DISPENSING,false,
ORT-005,MOD-ORTHOPAEDIC-TECHNOLOGIST,OFFICE_FURNITURE_FILING,false,
ORT-006,MOD-ORTHOPAEDIC-TECHNOLOGIST,OFFICE_FURNITURE_FILING,false,
ORT-007,MOD-ORTHOPAEDIC-TECHNOLOGIST,REGISTERS_SIGNAGE_STATIONERY,false,
ORT-011,MOD-ORTHOPAEDIC-TECHNOLOGIST,OFFICE_FURNITURE_FILING,false,
ORT-012,MOD-ORTHOPAEDIC-TECHNOLOGIST,CLINICAL_FURNITURE,false,
ORT-013,MOD-ORTHOPAEDIC-TECHNOLOGIST,CLINICAL_FURNITURE,false,
ORT-016,MOD-ORTHOPAEDIC-TECHNOLOGIST,SHARPS_CLINICAL_WASTE,false,
ORT-017,MOD-ORTHOPAEDIC-TECHNOLOGIST,WASTE_MANAGEMENT,false,
ORT-018,MOD-ORTHOPAEDIC-TECHNOLOGIST,HAND_HYGIENE_SUPPLIES,false,
ORT-019,MOD-ORTHOPAEDIC-TECHNOLOGIST,DIAGNOSTIC_INSTRUMENTS,false,Mixed basic diagnostic kit incl. POP cutter
ORT-020,MOD-ORTHOPAEDIC-TECHNOLOGIST,FACILITY_GENERAL_SUPPLIES,false,Full-length fitting mirror
ORT-021,MOD-ORTHOPAEDIC-TECHNOLOGIST,PPE_PROTECTIVE_WEAR,false,
ORT-022,MOD-ORTHOPAEDIC-TECHNOLOGIST,PHYSIOTHERAPY_REHAB_EQUIPMENT,false,
ORT-023,MOD-ORTHOPAEDIC-TECHNOLOGIST,EMERGENCY_RESUSCITATION,false,
ORT-024,MOD-ORTHOPAEDIC-TECHNOLOGIST,ORTHOPAEDIC_WORKSHOP,false,
ORT-025,MOD-ORTHOPAEDIC-TECHNOLOGIST,ORTHOPAEDIC_WORKSHOP,false,
ORT-026,MOD-ORTHOPAEDIC-TECHNOLOGIST,ORTHOPAEDIC_WORKSHOP,false,
ORT-027,MOD-ORTHOPAEDIC-TECHNOLOGIST,ORTHOPAEDIC_WORKSHOP,false,
ORT-028,MOD-ORTHOPAEDIC-TECHNOLOGIST,ORTHOPAEDIC_WORKSHOP,false,
ORT-029,MOD-ORTHOPAEDIC-TECHNOLOGIST,ORTHOPAEDIC_WORKSHOP,false,
PWS-020,MOD-PHARMACEUTICAL-WHOLESALER,REFRIGERATION_COLD_CHAIN,false,
PWS-024,MOD-PHARMACEUTICAL-WHOLESALER,REFRIGERATION_COLD_CHAIN,false,
PWS-025,MOD-PHARMACEUTICAL-WHOLESALER,REFRIGERATION_COLD_CHAIN,false,
PWS-028,MOD-PHARMACEUTICAL-WHOLESALER,SECURE_STORAGE,false,"Storage provision for poisons/drugs of addiction, not medicine supply"
PHM-004,MOD-PHARMACY,REFRIGERATION_COLD_CHAIN,false,
PHM-008,MOD-PHARMACY,WASTE_MANAGEMENT,false,
PHM-014,MOD-PHARMACY,WASTE_MANAGEMENT,false,
PHM-018,MOD-PHARMACY,HAND_HYGIENE_SUPPLIES,false,
PHM-019,MOD-PHARMACY,HAND_HYGIENE_SUPPLIES,false,
PHM-022,MOD-PHARMACY,REGISTERS_SIGNAGE_STATIONERY,false,"DDA register document, not the drugs themselves"
PHM-023,MOD-PHARMACY,REFRIGERATION_COLD_CHAIN,false,
PHM-024,MOD-PHARMACY,REFRIGERATION_COLD_CHAIN,false,
PHM-026,MOD-PHARMACY,PHARMACY_DISPENSING_EQUIPMENT,false,
PHM-027,MOD-PHARMACY,PHARMACY_DISPENSING_EQUIPMENT,false,
PHM-028,MOD-PHARMACY,PHARMACY_DISPENSING_EQUIPMENT,false,
PHM-029,MOD-PHARMACY,SHARPS_CLINICAL_WASTE,false,
PHM-030,MOD-PHARMACY,PHARMACY_DISPENSING_EQUIPMENT,false,Dispensary balancing scale
PHM-032,MOD-PHARMACY,REGISTERS_SIGNAGE_STATIONERY,false,
PHY-007,MOD-PHYSIOTHERAPY,CLINICAL_FURNITURE,false,
PHY-009,MOD-PHYSIOTHERAPY,PHYSIOTHERAPY_REHAB_EQUIPMENT,false,
PHY-010,MOD-PHYSIOTHERAPY,CLINICAL_FURNITURE,false,
PHY-011,MOD-PHYSIOTHERAPY,CLINICAL_FURNITURE,false,
PHY-012,MOD-PHYSIOTHERAPY,SHARPS_CLINICAL_WASTE,false,
PHY-013,MOD-PHYSIOTHERAPY,LINEN_TEXTILES,false,
PHY-014,MOD-PHYSIOTHERAPY,CLINICAL_FURNITURE,false,
PHY-015,MOD-PHYSIOTHERAPY,WASTE_MANAGEMENT,false,
PHY-016,MOD-PHYSIOTHERAPY,PHYSIOTHERAPY_REHAB_EQUIPMENT,false,
PHY-017,MOD-PHYSIOTHERAPY,PATIENT_TRANSPORT_MOBILITY,false,Mobility aids
PHY-018,MOD-PHYSIOTHERAPY,ASSESSMENT_TOOLS,false,
PHY-019,MOD-PHYSIOTHERAPY,DIAGNOSTIC_INSTRUMENTS,false,
PHY-020,MOD-PHYSIOTHERAPY,EMERGENCY_RESUSCITATION,false,
PHY-021,MOD-PHYSIOTHERAPY,PPE_PROTECTIVE_WEAR,false,
PHY-022,MOD-PHYSIOTHERAPY,EXCLUDED,false,"Local-authority/HPA office registration, not a purchasable item"
PHY-023,MOD-PHYSIOTHERAPY,CLINICAL_FURNITURE,false,
PHY-026,MOD-PHYSIOTHERAPY,OFFICE_FURNITURE_FILING,false,
PHY-027,MOD-PHYSIOTHERAPY,PHYSIOTHERAPY_REHAB_EQUIPMENT,false,Practice-appropriate therapy equipment and tools
PSY-002,MOD-PSYCHOLOGIST,OFFICE_FURNITURE_FILING,false,
PSY-003,MOD-PSYCHOLOGIST,CLINICAL_FURNITURE,false,
PSY-004,MOD-PSYCHOLOGIST,OFFICE_FURNITURE_FILING,false,
PSY-006,MOD-PSYCHOLOGIST,FACILITY_GENERAL_SUPPLIES,false,
RTX-003,MOD-RADIOTHERAPY,RADIATION_PROTECTION_SHIELDING,false,Radiation protection for cobalt/linac/simulation rooms
RTX-004,MOD-RADIOTHERAPY,EXCLUDED,false,"Room layout design requirement (building design), not a discrete purchasable product"
RTX-005,MOD-RADIOTHERAPY,RADIATION_PROTECTION_SHIELDING,false,
THR-002,MOD-THEATRE,OFFICE_FURNITURE_FILING,false,
THR-004,MOD-THEATRE,SECURE_STORAGE,false,
THR-005,MOD-THEATRE,SECURE_STORAGE,false,"Medicine storage cupboard, not the medicines"
THR-006,MOD-THEATRE,CONTROLLED_MEDICINES,true,Dangerous drug cupboard stocked with DDA drugs + register
THR-007,MOD-THEATRE,LINEN_TEXTILES,false,
THR-008,MOD-THEATRE,PPE_PROTECTIVE_WEAR,false,
THR-009,MOD-THEATRE,WASTE_MANAGEMENT,false,
THR-012,MOD-THEATRE,STERILISATION_DISINFECTION,false,"Surgical scrub solutions - antiseptic, not wholesaler-restricted medicine"
THR-013,MOD-THEATRE,WASTE_MANAGEMENT,false,
THR-020,MOD-THEATRE,MEDICAL_LIGHTING,false,
THR-021,MOD-THEATRE,DIAGNOSTIC_IMAGING_EQUIPMENT,false,
THR-022,MOD-THEATRE,POWER_HVAC_ELECTRICAL,false,
THR-023,MOD-THEATRE,SUCTION_OXYGEN_DELIVERY,false,"Piped medical gases: N2, O2, compressed air, vacuum"
THR-024,MOD-THEATRE,THEATRE_EQUIPMENT,false,
THR-025,MOD-THEATRE,ANAESTHESIA_VENTILATION,false,
THR-026,MOD-THEATRE,THEATRE_EQUIPMENT,false,
THR-027,MOD-THEATRE,FACILITY_GENERAL_SUPPLIES,false,
THR-028,MOD-THEATRE,REFRIGERATION_COLD_CHAIN,false,
THR-029,MOD-THEATRE,PATIENT_MONITORING,false,
THR-030,MOD-THEATRE,DIAGNOSTIC_INSTRUMENTS,false,
THR-031,MOD-THEATRE,SUCTION_OXYGEN_DELIVERY,false,Oxygen failure alarm on gas supply
THR-032,MOD-THEATRE,PATIENT_MONITORING,false,
THR-034,MOD-THEATRE,EMERGENCY_RESUSCITATION,false,
THR-035,MOD-THEATRE,EMERGENCY_RESUSCITATION,false,
THR-036,MOD-THEATRE,EMERGENCY_RESUSCITATION,false,
THR-037,MOD-THEATRE,EMERGENCY_RESUSCITATION,false,
THR-038,MOD-THEATRE,EMERGENCY_RESUSCITATION,false,
THR-039,MOD-THEATRE,EMERGENCY_RESUSCITATION,false,
THR-040,MOD-THEATRE,EMERGENCY_RESUSCITATION,false,
THR-041,MOD-THEATRE,EMERGENCY_RESUSCITATION,false,
THR-042,MOD-THEATRE,EMERGENCY_RESUSCITATION,false,
THR-043,MOD-THEATRE,EMERGENCY_RESUSCITATION,false,
THR-044,MOD-THEATRE,MEDICINES_GENERAL,true,
THR-045,MOD-THEATRE,CLINICAL_CONSUMABLES,false,"Laryngoscope lubricant spray, not a scheduled medicine"
THR-046,MOD-THEATRE,SURGICAL_INSTRUMENTS,false,
THR-047,MOD-THEATRE,SUCTION_OXYGEN_DELIVERY,false,
THR-048,MOD-THEATRE,INFUSION_INJECTION,false,
THR-049,MOD-THEATRE,INFUSION_INJECTION,false,
THR-050,MOD-THEATRE,EMERGENCY_RESUSCITATION,false,
THR-051,MOD-THEATRE,SURGICAL_INSTRUMENTS,false,
THR-052,MOD-THEATRE,MEDICINES_GENERAL,true,
THR-053,MOD-THEATRE,WASTE_MANAGEMENT,false,Kick-about bowls
THR-054,MOD-THEATRE,CLINICAL_FURNITURE,false,
THR-055,MOD-THEATRE,SHARPS_CLINICAL_WASTE,false,
THR-056,MOD-THEATRE,WASTE_MANAGEMENT,false,
THR-057,MOD-THEATRE,CLINICAL_FURNITURE,false,
THR-059,MOD-THEATRE,CLINICAL_FURNITURE,false,Operating-room patient bed
THR-060,MOD-THEATRE,SUCTION_OXYGEN_DELIVERY,false,
THR-061,MOD-THEATRE,ICT_COMMUNICATIONS,false,
THR-062,MOD-THEATRE,CLINICAL_FURNITURE,false,
THR-064,MOD-THEATRE,INFUSION_INJECTION,false,
THR-066,MOD-THEATRE,WASTE_MANAGEMENT,false,
THR-068,MOD-THEATRE,ANAESTHESIA_VENTILATION,false,
THR-069,MOD-THEATRE,PATIENT_MONITORING,false,
THR-070,MOD-THEATRE,PATIENT_MONITORING,false,
THR-071,MOD-THEATRE,PATIENT_MONITORING,false,
THR-072,MOD-THEATRE,FACILITY_GENERAL_SUPPLIES,false,
THR-073,MOD-THEATRE,LINEN_TEXTILES,false,
THR-077,MOD-THEATRE,STERILISATION_DISINFECTION,false,
THR-079,MOD-THEATRE,STERILISATION_DISINFECTION,false,
THR-080,MOD-THEATRE,SURGICAL_INSTRUMENTS,false,Surgically clean instrument sets
THR-083,MOD-THEATRE,WASTE_MANAGEMENT,false,
VCT-005,MOD-VCT,WASTE_MANAGEMENT,false,
VCT-006,MOD-VCT,OFFICE_FURNITURE_FILING,false,
VCT-007,MOD-VCT,SECURE_STORAGE,false,Lockable cupboard incl. HIV test kit and consumable stock
VCT-008,MOD-VCT,SHARPS_CLINICAL_WASTE,false,
