source_row,facility_code,facility_name,province,district,latitude,longitude,facility_type_raw,facility_type_canonical,ownership_raw,ownership_canonical,location_raw,location_canonical,level_raw,level_canonical,contact_raw,status_raw,status_canonical,bed_capacity,date_opened,date_closed,comments,acceptable_missing_fields,frontend_missing_visible,geospatial_readiness,facility_setup_state,source_label
40,ZW010201,Bumba Rural Health Centre,Manicaland,Chimanimani,,,Rural Hospital,RURAL_HOSPITAL,Government,GOVERNMENT,Rural,RURAL,Primary,PRIMARY,773463868,Open,ACTIVE_OR_OPERATIONAL,8,,,,Latitude; Longitude,YES,INCOMPLETE_MISSING_COORDINATES,IMPORTED_PENDING_CONFIGURATION,MASTER_HEALTH_FACILITY_2024_07_23
107,ZW010365,Midsave Clinic,Manicaland,Chipinge,-20.219367,32.37956,RDC,CLINIC,,,Rural,RURAL,Primary,PRIMARY,773508882,Open,ACTIVE_OR_OPERATIONAL,,,,,Ownership,YES,READY_WITH_COORDINATES,IMPORTED_PENDING_CONFIGURATION,MASTER_HEALTH_FACILITY_2024_07_23
114,ZW010382,New start center,Manicaland,Chipinge,,,RHC,RURAL_HEALTH_CENTRE,Private,PRIVATE,Urban,URBAN,Primary,PRIMARY,774030281,Open,ACTIVE_OR_OPERATIONAL,,,,,Latitude; Longitude,YES,INCOMPLETE_MISSING_COORDINATES,IMPORTED_PENDING_CONFIGURATION,MASTER_HEALTH_FACILITY_2024_07_23
133,ZW010318,ZPS Chipinge Prison Clinic,Manicaland,Chipinge,,,RHC,RURAL_HEALTH_CENTRE,ZPS,ZIMBABWE_PRISONS_AND_CORRECTIONAL_SERVICE,Rural,RURAL,Primary,PRIMARY,778672446,Open,ACTIVE_OR_OPERATIONAL,,,,,Latitude; Longitude,YES,INCOMPLETE_MISSING_COORDINATES,IMPORTED_PENDING_CONFIGURATION,MASTER_HEALTH_FACILITY_2024_07_23
168,ZW010418,Nedziwa Mission Clinic,Manicaland,Makoni,,,Mission Clinic,MISSION_CLINIC,Mission,MISSION_FAITH_BASED,Rural,RURAL,Primary,PRIMARY,0786 933 524,Open,ACTIVE_OR_OPERATIONAL,,,,,Latitude; Longitude,YES,INCOMPLETE_MISSING_COORDINATES,IMPORTED_PENDING_CONFIGURATION,MASTER_HEALTH_FACILITY_2024_07_23
176,ZW010443,Nzvimbe clinic,Manicaland,Makoni,,,RDC,CLINIC,Rural Council,RURAL_DISTRICT_COUNCIL,Rural,RURAL,Primary,PRIMARY,776250941,Open,ACTIVE_OR_OPERATIONAL,,,,,Latitude; Longitude,YES,INCOMPLETE_MISSING_COORDINATES,IMPORTED_PENDING_CONFIGURATION,MASTER_HEALTH_FACILITY_2024_07_23
189,ZW01041001,ZPS Little Kraal Prison Clinic,Manicaland,Makoni,,,RHC,RURAL_HEALTH_CENTRE,ZPS,ZIMBABWE_PRISONS_AND_CORRECTIONAL_SERVICE,Rural,RURAL,Primary,PRIMARY,772295482,Open,ACTIVE_OR_OPERATIONAL,,,,,Latitude; Longitude,YES,INCOMPLETE_MISSING_COORDINATES,IMPORTED_PENDING_CONFIGURATION,MASTER_HEALTH_FACILITY_2024_07_23
190,ZW01041002,ZPS Rusape Prison Clinic,Manicaland,Makoni,,,RHC,RURAL_HEALTH_CENTRE,ZPS,ZIMBABWE_PRISONS_AND_CORRECTIONAL_SERVICE,Urban,URBAN,Primary,PRIMARY,772848789,Open,ACTIVE_OR_OPERATIONAL,,,,,Latitude; Longitude,YES,INCOMPLETE_MISSING_COORDINATES,IMPORTED_PENDING_CONFIGURATION,MASTER_HEALTH_FACILITY_2024_07_23
191,ZW010493,ZRP Rusape Clinic,Manicaland,Makoni,,,RHC,RURAL_HEALTH_CENTRE,ZRP,ZIMBABWE_REPUBLIC_POLICE,Urban,URBAN,Primary,PRIMARY,773306597,Open,ACTIVE_OR_OPERATIONAL,,,,,Latitude; Longitude,YES,INCOMPLETE_MISSING_COORDINATES,IMPORTED_PENDING_CONFIGURATION,MASTER_HEALTH_FACILITY_2024_07_23
223,ZW010633,Nyamukwarara RDC Clinic,Manicaland,Mutasa,,,RDC,CLINIC,Rural Council,RURAL_DISTRICT_COUNCIL,Rural,RURAL,Primary,PRIMARY,0783755227,Open,ACTIVE_OR_OPERATIONAL,70,,,,Latitude; Longitude,YES,INCOMPLETE_MISSING_COORDINATES,IMPORTED_PENDING_CONFIGURATION,MASTER_HEALTH_FACILITY_2024_07_23
247,ZW010523,Army Dependent Clinic,Manicaland,Mutare,,,RHC,RURAL_HEALTH_CENTRE,ARMY,UNIFORMED_SERVICE,Urban,URBAN,Primary,PRIMARY,0772447067,Open,ACTIVE_OR_OPERATIONAL,7,,,,Latitude; Longitude,YES,INCOMPLETE_MISSING_COORDINATES,IMPORTED_PENDING_CONFIGURATION,MASTER_HEALTH_FACILITY_2024_07_23
267,ZW010569,Forbes Boarder Clinic,Manicaland,Mutare,,,RHC,RURAL_HEALTH_CENTRE,Government,GOVERNMENT,Urban,URBAN,Primary,PRIMARY,0785098149,Open,ACTIVE_OR_OPERATIONAL,7,,,,Latitude; Longitude,YES,INCOMPLETE_MISSING_COORDINATES,IMPORTED_PENDING_CONFIGURATION,MASTER_HEALTH_FACILITY_2024_07_23
281,ZW01050H,Murambi Private Hospital,Manicaland,Mutare City,,,Private Hospital,PRIVATE_HOSPITAL,Private,PRIVATE,Urban,URBAN,Secondary,SECONDARY,64635,Open,ACTIVE_OR_OPERATIONAL,28,,,,Latitude; Longitude,YES,INCOMPLETE_MISSING_COORDINATES,IMPORTED_PENDING_CONFIGURATION,MASTER_HEALTH_FACILITY_2024_07_23
286,ZW010532,Mutare Farm Prison Clinic,Manicaland,Mutare,,,RHC,RURAL_HEALTH_CENTRE,ZPS,ZIMBABWE_PRISONS_AND_CORRECTIONAL_SERVICE,Urban,URBAN,Primary,PRIMARY,0773301032,Open,ACTIVE_OR_OPERATIONAL,7,,,,Latitude; Longitude,YES,INCOMPLETE_MISSING_COORDINATES,IMPORTED_PENDING_CONFIGURATION,MASTER_HEALTH_FACILITY_2024_07_23
289,ZW010568,New Start Centre,Manicaland,Mutare City,,,Private Clinic,PRIVATE_CLINIC,Town/City Council,LOCAL_AUTHORITY,Urban,URBAN,Primary,PRIMARY,64635,Open,ACTIVE_OR_OPERATIONAL,,,,,Latitude; Longitude,YES,INCOMPLETE_MISSING_COORDINATES,IMPORTED_PENDING_CONFIGURATION,MASTER_HEALTH_FACILITY_2024_07_23
385,ZW010A47,Mabvuku Satellite,Harare,Eastern,-17.838826,31.184036,,,,,,,,,,,,,,,,Facility Type; Ownership; Status,YES,READY_WITH_COORDINATES,IMPORTED_PENDING_CONFIGURATION,MASTER_HEALTH_FACILITY_2024_07_23
403,ZW000E0E,Parirenyatwa Group of Hospitals,Harare,Harare,,,Central Hospital,CENTRAL_HOSPITAL,Government,GOVERNMENT,Urban,URBAN,Quaternary,QUATERNARY,773012935,Open,ACTIVE_OR_OPERATIONAL,1200,,,,Latitude; Longitude,YES,INCOMPLETE_MISSING_COORDINATES,IMPORTED_PENDING_CONFIGURATION,MASTER_HEALTH_FACILITY_2024_07_23
419,ZW000B03,St Mary's Clinic,Harare,Chitungwiza,-17.994823,31.042988,,,,,,,,,,,,,,,,Facility Type; Ownership; Status,YES,READY_WITH_COORDINATES,IMPORTED_PENDING_CONFIGURATION,MASTER_HEALTH_FACILITY_2024_07_23
434,ZW010A86,ZAPSO,Harare,Northern,,,RHC,RURAL_HEALTH_CENTRE,Town/City Council,LOCAL_AUTHORITY,Urban,URBAN,Primary,PRIMARY,779902827,Open,ACTIVE_OR_OPERATIONAL,,,,,Latitude; Longitude,YES,INCOMPLETE_MISSING_COORDINATES,IMPORTED_PENDING_CONFIGURATION,MASTER_HEALTH_FACILITY_2024_07_23
526,ZW0142C,Mwami Rural Hospital,Mashonaland West,Hurungwe,-16.67179,29.778525,Rural Hospital,RURAL_HOSPITAL,Government,GOVERNMENT,Rural,RURAL,Primary,PRIMARY,774161305,,,24,,,,Status,YES,READY_WITH_COORDINATES,IMPORTED_PENDING_CONFIGURATION,MASTER_HEALTH_FACILITY_2024_07_23
694,ZW050194,Binga ZRP Clinic,Matabeleland North,Binga,,,RHC,RURAL_HEALTH_CENTRE,ZRP,ZIMBABWE_REPUBLIC_POLICE,Rural,RURAL,Primary,PRIMARY,775117318,Open,ACTIVE_OR_OPERATIONAL,,,,,Latitude; Longitude,YES,INCOMPLETE_MISSING_COORDINATES,IMPORTED_PENDING_CONFIGURATION,MASTER_HEALTH_FACILITY_2024_07_23
715,ZW050196,ZPS Binga Prison Clinic,Matabeleland North,Binga,,,RHC,RURAL_HEALTH_CENTRE,ZPS,ZIMBABWE_PRISONS_AND_CORRECTIONAL_SERVICE,Rural,RURAL,Primary,PRIMARY,713994551,Open,ACTIVE_OR_OPERATIONAL,,,,,Latitude; Longitude,YES,INCOMPLETE_MISSING_COORDINATES,IMPORTED_PENDING_CONFIGURATION,MASTER_HEALTH_FACILITY_2024_07_23
730,ZW050339,CBDS ZNFPC Clinic,Matabeleland North,Hwange,,,Private Clinic,PRIVATE_CLINIC,Private,PRIVATE,Urban,URBAN,Primary,PRIMARY,,Open,ACTIVE_OR_OPERATIONAL,,,,,Latitude; Longitude,YES,INCOMPLETE_MISSING_COORDINATES,IMPORTED_PENDING_CONFIGURATION,MASTER_HEALTH_FACILITY_2024_07_23
738,ZW050334,Greenwood Surgery,Matabeleland North,Hwange,,,Private Clinic,PRIVATE_CLINIC,Private,PRIVATE,Urban,URBAN,Primary,PRIMARY,773721606,Open,ACTIVE_OR_OPERATIONAL,,,,,Latitude; Longitude,YES,INCOMPLETE_MISSING_COORDINATES,IMPORTED_PENDING_CONFIGURATION,MASTER_HEALTH_FACILITY_2024_07_23
763,ZW050346,Open Cast Dr Station,Matabeleland North,Hwange,,,Clinic,CLINIC,Mine,MINE,Urban,URBAN,Primary,PRIMARY,812822271,Open,ACTIVE_OR_OPERATIONAL,,,,,Latitude; Longitude,YES,INCOMPLETE_MISSING_COORDINATES,IMPORTED_PENDING_CONFIGURATION,MASTER_HEALTH_FACILITY_2024_07_23
777,ZW050308,ZPS Victoria Falls Prison Clinic,Matabeleland North,Hwange,,,Clinic,CLINIC,ZPS,ZIMBABWE_PRISONS_AND_CORRECTIONAL_SERVICE,Urban,URBAN,Secondary,SECONDARY,812843507,Open,ACTIVE_OR_OPERATIONAL,,,,,Latitude; Longitude,YES,INCOMPLETE_MISSING_COORDINATES,IMPORTED_PENDING_CONFIGURATION,MASTER_HEALTH_FACILITY_2024_07_23
793,ZW0504,ZPS Lupane Prison Clinic,Matabeleland North,Lupane,,,RHC,RURAL_HEALTH_CENTRE,ZPS,ZIMBABWE_PRISONS_AND_CORRECTIONAL_SERVICE,Rural,RURAL,Primary,PRIMARY,778384888,Open,ACTIVE_OR_OPERATIONAL,,,,,Latitude; Longitude,YES,INCOMPLETE_MISSING_COORDINATES,IMPORTED_PENDING_CONFIGURATION,MASTER_HEALTH_FACILITY_2024_07_23
807,ZW050538,Simbo RH Clinic,Matabeleland North,Nkayi,,,RHC,RURAL_HEALTH_CENTRE,Rural Council,RURAL_DISTRICT_COUNCIL,Rural,RURAL,Primary,PRIMARY,,Open,ACTIVE_OR_OPERATIONAL,,,,,Latitude; Longitude,YES,INCOMPLETE_MISSING_COORDINATES,IMPORTED_PENDING_CONFIGURATION,MASTER_HEALTH_FACILITY_2024_07_23
812,ZW050537,ZPS Nkayi Prison Clinic,Matabeleland North,Nkayi,,,RHC,RURAL_HEALTH_CENTRE,ZPS,ZIMBABWE_PRISONS_AND_CORRECTIONAL_SERVICE,Urban,URBAN,Primary,PRIMARY,778054741,Open,ACTIVE_OR_OPERATIONAL,,,,,Latitude; Longitude,YES,INCOMPLETE_MISSING_COORDINATES,IMPORTED_PENDING_CONFIGURATION,MASTER_HEALTH_FACILITY_2024_07_23
837,ZW050632,ZPS Tsholotsho Prison Clinic,Matabeleland North,Tsholotsho,,,RHC,RURAL_HEALTH_CENTRE,ZPS,ZIMBABWE_PRISONS_AND_CORRECTIONAL_SERVICE,Urban,URBAN,Primary,PRIMARY,776281523,Open,ACTIVE_OR_OPERATIONAL,,,,,Latitude; Longitude,YES,INCOMPLETE_MISSING_COORDINATES,IMPORTED_PENDING_CONFIGURATION,MASTER_HEALTH_FACILITY_2024_07_23
853,ZW050765,ZNA Imbizo Camp Hospital,Matabeleland North,Umguza,,,General Hospital,HOSPITAL_REQUIRES_LEVEL_REVIEW,ZNA,UNIFORMED_SERVICE,Peri-Urban,PERI_URBAN,Secondary,SECONDARY,784177070,Open,ACTIVE_OR_OPERATIONAL,,,,,Latitude; Longitude,YES,INCOMPLETE_MISSING_COORDINATES,IMPORTED_PENDING_CONFIGURATION,MASTER_HEALTH_FACILITY_2024_07_23
854,ZW050797,ZNA Induna Clinic,Matabeleland North,Umguza,,,RHC,RURAL_HEALTH_CENTRE,ZNA,UNIFORMED_SERVICE,Rural,RURAL,Primary,PRIMARY,712564475,Open,ACTIVE_OR_OPERATIONAL,,,,,Latitude; Longitude,YES,INCOMPLETE_MISSING_COORDINATES,IMPORTED_PENDING_CONFIGURATION,MASTER_HEALTH_FACILITY_2024_07_23
855,ZW050711,ZPS Anju Rural Health Centre,Matabeleland North,Umguza,,,RHC,RURAL_HEALTH_CENTRE,ZPS,ZIMBABWE_PRISONS_AND_CORRECTIONAL_SERVICE,Rural,RURAL,Primary,PRIMARY,777020810,Open,ACTIVE_OR_OPERATIONAL,,,,,Latitude; Longitude,YES,INCOMPLETE_MISSING_COORDINATES,IMPORTED_PENDING_CONFIGURATION,MASTER_HEALTH_FACILITY_2024_07_23
861,ZW050785,ZPS Ntabazinduna Prison Clinic,Matabeleland North,Umguza,,,RHC,RURAL_HEALTH_CENTRE,ZPS,ZIMBABWE_PRISONS_AND_CORRECTIONAL_SERVICE,Rural,RURAL,Primary,PRIMARY,775232153,Open,ACTIVE_OR_OPERATIONAL,,,,,Latitude; Longitude,YES,INCOMPLETE_MISSING_COORDINATES,IMPORTED_PENDING_CONFIGURATION,MASTER_HEALTH_FACILITY_2024_07_23
1048,ZW080342,Chikwirire RHC,Masvingo,Chiredzi,,,RHC,RURAL_HEALTH_CENTRE,Government,GOVERNMENT,Rural,RURAL,primary,PRIMARY,785640242,functional,ACTIVE_OR_OPERATIONAL,3,,,,Latitude; Longitude,YES,INCOMPLETE_MISSING_COORDINATES,IMPORTED_PENDING_CONFIGURATION,MASTER_HEALTH_FACILITY_2024_07_23
1051,ZW080226,Chipiwa Clinic,Masvingo,Chiredzi,,,RHC,RURAL_HEALTH_CENTRE,Rural Council,RURAL_DISTRICT_COUNCIL,Rural,RURAL,primary,PRIMARY,263777613448,functional,ACTIVE_OR_OPERATIONAL,5,,,,Latitude; Longitude,YES,INCOMPLETE_MISSING_COORDINATES,IMPORTED_PENDING_CONFIGURATION,MASTER_HEALTH_FACILITY_2024_07_23
1105,ZW08.04.34,Chiwore Rural Health Centre,Masvingo,Gutu,,,RHC,RURAL_HEALTH_CENTRE,Rural Council,RURAL_DISTRICT_COUNCIL,Rural,RURAL,primary,PRIMARY,789626886,Operational,ACTIVE_OR_OPERATIONAL,2,,,,Latitude; Longitude,YES,INCOMPLETE_MISSING_COORDINATES,IMPORTED_PENDING_CONFIGURATION,MASTER_HEALTH_FACILITY_2024_07_23
1182,ZW080625,Mazetese Clinic,Masvingo,Mwenezi,,,RHC,RURAL_HEALTH_CENTRE,Rural Council,RURAL_DISTRICT_COUNCIL,Rural,RURAL,primary,PRIMARY,0784633045,Functional,ACTIVE_OR_OPERATIONAL,23,,,,Latitude; Longitude,YES,INCOMPLETE_MISSING_COORDINATES,IMPORTED_PENDING_CONFIGURATION,MASTER_HEALTH_FACILITY_2024_07_23
1216,ZW080239,Neromwe clinic,Masvingo,Chiredzi,-20.785677,31.428129,,,Government,GOVERNMENT,Rural,RURAL,primary,PRIMARY,263780054729,functional,ACTIVE_OR_OPERATIONAL,7,,,,Facility Type,YES,READY_WITH_COORDINATES,IMPORTED_PENDING_CONFIGURATION,MASTER_HEALTH_FACILITY_2024_07_23
1235,ZW080515,Victoria High School Clinic,Masvingo,Masvingo,,,Clinic,CLINIC,Government,GOVERNMENT,Urban,URBAN,Primary,PRIMARY,263787838564,Functional,ACTIVE_OR_OPERATIONAL,,,,,Latitude; Longitude,YES,INCOMPLETE_MISSING_COORDINATES,IMPORTED_PENDING_CONFIGURATION,MASTER_HEALTH_FACILITY_2024_07_23
1247,ZW080684,Zimbabwe Bio Energy pvt clinic,Masvingo,Mwenezi,,,RHC,RURAL_HEALTH_CENTRE,Private,PRIVATE,Rural,RURAL,primary,PRIMARY,,Functional,ACTIVE_OR_OPERATIONAL,,,,,Latitude; Longitude,YES,INCOMPLETE_MISSING_COORDINATES,IMPORTED_PENDING_CONFIGURATION,MASTER_HEALTH_FACILITY_2024_07_23
1249,ZW080115,ZRP Bikita Clinic,Masvingo,Bikita,,,RHC,RURAL_HEALTH_CENTRE,ZRP,ZIMBABWE_REPUBLIC_POLICE,Rural,RURAL,primary,PRIMARY,0774 332 304,Functional,ACTIVE_OR_OPERATIONAL,N/A,,,,Latitude; Longitude,YES,INCOMPLETE_MISSING_COORDINATES,IMPORTED_PENDING_CONFIGURATION,MASTER_HEALTH_FACILITY_2024_07_23
1251,ZW20179,Bindura University,Mashonaland Central,Bindura,,,University,UNIVERSITY,School Dispensary,SCHOOL,urban,URBAN,Primary,PRIMARY,7309,Open,ACTIVE_OR_OPERATIONAL,N/A,,,,Latitude; Longitude,YES,INCOMPLETE_MISSING_COORDINATES,IMPORTED_PENDING_CONFIGURATION,MASTER_HEALTH_FACILITY_2024_07_23
1253,ZW20188,Chipindura High Clinic,Mashonaland Central,Bindura,,,School Dispensary,SCHOOL_DISPENSARY,School Dispensary,SCHOOL,urban,URBAN,Primary,PRIMARY,772599495,Open,ACTIVE_OR_OPERATIONAL,N/A,,,,Latitude; Longitude,YES,INCOMPLETE_MISSING_COORDINATES,IMPORTED_PENDING_CONFIGURATION,MASTER_HEALTH_FACILITY_2024_07_23
1270,ZW20191,Shashi View Medical Centre,Mashonaland Central,Bindura,,,Private,PRIVATE,Private,PRIVATE,urban,URBAN,Primary,PRIMARY,66210633,Open,ACTIVE_OR_OPERATIONAL,N/A,,,,Latitude; Longitude,YES,INCOMPLETE_MISSING_COORDINATES,IMPORTED_PENDING_CONFIGURATION,MASTER_HEALTH_FACILITY_2024_07_23
1274,ZW20103,ZPS Bindura Prison Clinic,Mashonaland Central,Bindura,,,Uniformed,UNIFORMED,Government,GOVERNMENT,urban,URBAN,Primary,PRIMARY,785941943,Open,ACTIVE_OR_OPERATIONAL,N/A,,,,Latitude; Longitude,YES,INCOMPLETE_MISSING_COORDINATES,IMPORTED_PENDING_CONFIGURATION,MASTER_HEALTH_FACILITY_2024_07_23
1334,ZW20477,Mazowe Secondary Clinic,Mashonaland Central,Mazowe,,,RHC,RURAL_HEALTH_CENTRE,Mission,MISSION_FAITH_BASED,Farming,FARMING,Primary,PRIMARY,786908419,Open,ACTIVE_OR_OPERATIONAL,N/A,,,,Latitude; Longitude,YES,INCOMPLETE_MISSING_COORDINATES,IMPORTED_PENDING_CONFIGURATION,MASTER_HEALTH_FACILITY_2024_07_23
1343,ZW02040B,Shopo Clinic,Mashonaland Central,Mazowe,,,RHC,RURAL_HEALTH_CENTRE,Government,GOVERNMENT,Rural,RURAL,Primary,PRIMARY,775952304,Open,ACTIVE_OR_OPERATIONAL,51,,,,Latitude; Longitude,YES,INCOMPLETE_MISSING_COORDINATES,IMPORTED_PENDING_CONFIGURATION,MASTER_HEALTH_FACILITY_2024_07_23
1349,ZW20447,ZPS Mazowe Prison Clinic,Mashonaland Central,Mazowe,,,RHC,RURAL_HEALTH_CENTRE,Pvt,PRIVATE,Farming,FARMING,Primary,PRIMARY,771513864,Open,ACTIVE_OR_OPERATIONAL,N/A,,,,Latitude; Longitude,YES,INCOMPLETE_MISSING_COORDINATES,IMPORTED_PENDING_CONFIGURATION,MASTER_HEALTH_FACILITY_2024_07_23
1385,ZW20531,ZPCS,Mashonaland Central,Mt Darwin,,,ZPCS,ZPCS,PRIVATE,PRIVATE,Rural,RURAL,Primary,PRIMARY,0712  096 198,Open,ACTIVE_OR_OPERATIONAL,N/A,,,,Latitude; Longitude,YES,INCOMPLETE_MISSING_COORDINATES,IMPORTED_PENDING_CONFIGURATION,MASTER_HEALTH_FACILITY_2024_07_23
1409,ZW20799,CZA Clinic,Mashonaland Central,Shamva,,,Clinic,CLINIC,Private,PRIVATE,Rural,RURAL,Primary,PRIMARY,773559663,Open,ACTIVE_OR_OPERATIONAL,,,,,Latitude; Longitude,YES,INCOMPLETE_MISSING_COORDINATES,IMPORTED_PENDING_CONFIGURATION,MASTER_HEALTH_FACILITY_2024_07_23
1412,ZW20775,Madziwa Teachers' College,Mashonaland Central,Shamva,,,Clinic,CLINIC,Council,LOCAL_AUTHORITY,Rural,RURAL,Primary,PRIMARY,774159490,Open,ACTIVE_OR_OPERATIONAL,N/A,,,,Latitude; Longitude,YES,INCOMPLETE_MISSING_COORDINATES,IMPORTED_PENDING_CONFIGURATION,MASTER_HEALTH_FACILITY_2024_07_23
1432,ZW030152,Kadungure Clinic,Mashonaland East,Chikomba,-19.188877,30.768799,,,,,Rural,RURAL,Primary,PRIMARY,,Active,ACTIVE_OR_OPERATIONAL,,,,,Facility Type; Ownership,YES,READY_WITH_COORDINATES,IMPORTED_PENDING_CONFIGURATION,MASTER_HEALTH_FACILITY_2024_07_23
1437,ZW030153,Mashayamvura Clinic,Mashonaland East,Chikomba,-19.188877,30.768799,,,,,Rural,RURAL,Primary,PRIMARY,,Active,ACTIVE_OR_OPERATIONAL,,,,,Facility Type; Ownership,YES,READY_WITH_COORDINATES,IMPORTED_PENDING_CONFIGURATION,MASTER_HEALTH_FACILITY_2024_07_23
1438,ZW030154,Matanga,Mashonaland East,Chikomba,-19.048443,31.578658,,,,,Rural,RURAL,Primary,PRIMARY,,Active,ACTIVE_OR_OPERATIONAL,,,,,Facility Type; Ownership,YES,READY_WITH_COORDINATES,IMPORTED_PENDING_CONFIGURATION,MASTER_HEALTH_FACILITY_2024_07_23
1440,ZW030194,Mpatsi Clinic,Mashonaland East,Chikomba,-19.035468,31.466505,,,,,Rural,RURAL,Primary,PRIMARY,,Active,ACTIVE_OR_OPERATIONAL,,,,,Facility Type; Ownership,YES,READY_WITH_COORDINATES,IMPORTED_PENDING_CONFIGURATION,MASTER_HEALTH_FACILITY_2024_07_23
1456,ZW030193,St Francis of Assisi Mission Clinic,Mashonaland East,Chikomba,-19.10157,31.11675,,,,,unknown,,Primary,PRIMARY,,,,,,,,Facility Type; Ownership; Status,YES,READY_WITH_COORDINATES,IMPORTED_PENDING_CONFIGURATION,MASTER_HEALTH_FACILITY_2024_07_23
1498,ZW030592,Chakadini Clinic,Mashonaland East,Marondera,-18.364625,31.235648,,,,,Rural,RURAL,Primary,PRIMARY,,,,,,,,Facility Type; Ownership; Status,YES,READY_WITH_COORDINATES,IMPORTED_PENDING_CONFIGURATION,MASTER_HEALTH_FACILITY_2024_07_23
1672,ZW070186,Central Estates Clinic,Midlands,Chirumhanzu,,,,,,,,,,,,,,,,,,Latitude; Longitude; Facility Type; Ownership; Status,YES,INCOMPLETE_MISSING_COORDINATES,IMPORTED_PENDING_CONFIGURATION,MASTER_HEALTH_FACILITY_2024_07_23
1674,ZW070125,Chengwena Clinic,Midlands,Chirumhanzu,-19.80483,30.55322007489,RDC,CLINIC,Rural Council,RURAL_DISTRICT_COUNCIL,Rural,RURAL,Primary,PRIMARY,0776 162 371,,,,,,,Status,YES,READY_WITH_COORDINATES,IMPORTED_PENDING_CONFIGURATION,MASTER_HEALTH_FACILITY_2024_07_23
1675,ZW0701B,Chilimanzi Rural Hospital,Midlands,Chirumhanzu,-19.530304,30.677489,Rural Hospital,RURAL_HOSPITAL,Rural Council,RURAL_DISTRICT_COUNCIL,Rural,RURAL,Secondary,SECONDARY,0777 370 038,,,,,,,Status,YES,READY_WITH_COORDINATES,IMPORTED_PENDING_CONFIGURATION,MASTER_HEALTH_FACILITY_2024_07_23
1676,ZW070101,Chizhou Clinic,Midlands,Chirumhanzu,-19.551946,30.504229,RDC,CLINIC,Rural Council,RURAL_DISTRICT_COUNCIL,Rural,RURAL,Primary,PRIMARY,0773 581 640,,,,,,,Status,YES,READY_WITH_COORDINATES,IMPORTED_PENDING_CONFIGURATION,MASTER_HEALTH_FACILITY_2024_07_23
1679,ZW0701C,Driefontein Mission TB Hospital,Midlands,Chirumhanzu,-19.418611,30.707472,Mission Hospital,MISSION_HOSPITAL,Mission,MISSION_FAITH_BASED,Rural,RURAL,Secondary,SECONDARY,0777 505 266,,,,,,,Status,YES,READY_WITH_COORDINATES,IMPORTED_PENDING_CONFIGURATION,MASTER_HEALTH_FACILITY_2024_07_23
1681,ZW70126,Hama Clinic,Midlands,Chirumhanzu,-19.845399,30.608954,RDC,CLINIC,Rural Council,RURAL_DISTRICT_COUNCIL,Rural,RURAL,Primary,PRIMARY,0773 634 708,,,,,,,Status,YES,READY_WITH_COORDINATES,IMPORTED_PENDING_CONFIGURATION,MASTER_HEALTH_FACILITY_2024_07_23
1682,ZW0701D,Holy Cross Mission Hospital,Midlands,Chirumhanzu,-19.567594,30.576196,Mission Hospital,MISSION_HOSPITAL,Mission,MISSION_FAITH_BASED,Rural,RURAL,Secondary,SECONDARY,0777 087 073,,,,,,,Status,YES,READY_WITH_COORDINATES,IMPORTED_PENDING_CONFIGURATION,MASTER_HEALTH_FACILITY_2024_07_23
1684,ZW070145,Lalapanzi Clinic,Midlands,Chirumhanzu,-19.334947,30.181175,RHC,RURAL_HEALTH_CENTRE,Mine,MINE,Rural,RURAL,Primary,PRIMARY,0775 427 717,,,,,,,Status,YES,READY_WITH_COORDINATES,IMPORTED_PENDING_CONFIGURATION,MASTER_HEALTH_FACILITY_2024_07_23
1685,ZW070103,Lynwood Clinic,Midlands,Chirumhanzu,-19.394597,30.508605,RDC,CLINIC,Rural Council,RURAL_DISTRICT_COUNCIL,Rural,RURAL,Primary,PRIMARY,0778 121 494,,,,,,,Status,YES,READY_WITH_COORDINATES,IMPORTED_PENDING_CONFIGURATION,MASTER_HEALTH_FACILITY_2024_07_23
1687,ZW070149,Mudzengi Clinic,Midlands,Chirumhanzu,,,,,,,,,Primary,PRIMARY,,,,,,,,Latitude; Longitude; Facility Type; Ownership; Status,YES,INCOMPLETE_MISSING_COORDINATES,IMPORTED_PENDING_CONFIGURATION,MASTER_HEALTH_FACILITY_2024_07_23
1689,ZW0701E,Muvonde Mission Hospital,Midlands,Chirumhanzu,-19.422564,30.698049,Mission Hospital,MISSION_HOSPITAL,Mission,MISSION_FAITH_BASED,Rural,RURAL,Secondary,SECONDARY,0773 197 022,,,,,,,Status,YES,READY_WITH_COORDINATES,IMPORTED_PENDING_CONFIGURATION,MASTER_HEALTH_FACILITY_2024_07_23
1690,ZW0701A,Mvuma District Hospital,Midlands,Chirumhanzu,-19.275809,30.520862,District Hospital,DISTRICT_HOSPITAL,Government,GOVERNMENT,Rural,RURAL,Secondary,SECONDARY,0777 414 719,,,,,,,Status,YES,READY_WITH_COORDINATES,IMPORTED_PENDING_CONFIGURATION,MASTER_HEALTH_FACILITY_2024_07_23
1691,ZW070104,Nyautonge Rural Health Centre,Midlands,Chirumhanzu,-19.644983,30.683077,RHC,RURAL_HEALTH_CENTRE,Government,GOVERNMENT,Rural,RURAL,Primary,PRIMARY,0772 836 044,,,,,,,Status,YES,READY_WITH_COORDINATES,IMPORTED_PENDING_CONFIGURATION,MASTER_HEALTH_FACILITY_2024_07_23
1692,ZW070105,Nyikavanhu Clinic,Midlands,Chirumhanzu,-18.962748,30.648822,RDC,CLINIC,Rural Council,RURAL_DISTRICT_COUNCIL,Rural,RURAL,Primary,PRIMARY,0719 316 402,,,,,,,Status,YES,READY_WITH_COORDINATES,IMPORTED_PENDING_CONFIGURATION,MASTER_HEALTH_FACILITY_2024_07_23
1693,ZW070127,Siyahokwe Clinic,Midlands,Chirumhanzu,-19.68994,30.504310679,RDC,CLINIC,Rural Council,RURAL_DISTRICT_COUNCIL,Rural,RURAL,Primary,PRIMARY,0774 337 034,,,,,,,Status,YES,READY_WITH_COORDINATES,IMPORTED_PENDING_CONFIGURATION,MASTER_HEALTH_FACILITY_2024_07_23
1694,ZW0701F,St Theresa Mission Hospital,Midlands,Chirumhanzu,-19.714631,30.632044,Mission Hospital,MISSION_HOSPITAL,Mission,MISSION_FAITH_BASED,Rural,RURAL,Secondary,SECONDARY,0712 860 869,,,,,,,Status,YES,READY_WITH_COORDINATES,IMPORTED_PENDING_CONFIGURATION,MASTER_HEALTH_FACILITY_2024_07_23
1698,ZW070240,Chirisa clinic,Midlands,Gokwe North,,,SDA,SDA,SDA,SDA,Rural,RURAL,Primary,PRIMARY,782385978,Fuctioning,ACTIVE_OR_OPERATIONAL,2,2023,,,Latitude; Longitude,YES,INCOMPLETE_MISSING_COORDINATES,IMPORTED_PENDING_CONFIGURATION,MASTER_HEALTH_FACILITY_2024_07_23
1709,ZW070206,Murunguziva clinic,Midlands,Gokwe North,,,RDC,CLINIC,Government,GOVERNMENT,Rural,RURAL,Primary,PRIMARY,776253729,Fuctioning,ACTIVE_OR_OPERATIONAL,0,2023,,,Latitude; Longitude,YES,INCOMPLETE_MISSING_COORDINATES,IMPORTED_PENDING_CONFIGURATION,MASTER_HEALTH_FACILITY_2024_07_23
1715,ZW070228,Nyamatsito clinic,Midlands,Gokwe North,,,RDC,CLINIC,Government,GOVERNMENT,Rural,RURAL,Primary,PRIMARY,775074217,Fuctioning,ACTIVE_OR_OPERATIONAL,0,2023,,,Latitude; Longitude,YES,INCOMPLETE_MISSING_COORDINATES,IMPORTED_PENDING_CONFIGURATION,MASTER_HEALTH_FACILITY_2024_07_23
1716,ZW070211,Nyaurungwe clinic,Midlands,Gokwe North,,,RDC,CLINIC,Government,GOVERNMENT,Rural,RURAL,Primary,PRIMARY,779293436,Fuctioning,ACTIVE_OR_OPERATIONAL,0,2023,,,Latitude; Longitude,YES,INCOMPLETE_MISSING_COORDINATES,IMPORTED_PENDING_CONFIGURATION,MASTER_HEALTH_FACILITY_2024_07_23
1723,ZW070244,Zvanaka Clinic,Midlands,Gokwe North,,,RDC,CLINIC,Government,GOVERNMENT,Rural,RURAL,Primary,PRIMARY,719656671,Fuctioning,ACTIVE_OR_OPERATIONAL,0,2023,,,Latitude; Longitude,YES,INCOMPLETE_MISSING_COORDINATES,IMPORTED_PENDING_CONFIGURATION,MASTER_HEALTH_FACILITY_2024_07_23
1724,ZW070325,Chemahororo Clinic,Midlands,Gokwe South,-18.349928,29.113109,RDC,CLINIC,Rural Council,RURAL_DISTRICT_COUNCIL,Rural,RURAL,Primary,PRIMARY,779167413,,,,1982,,,Status,YES,READY_WITH_COORDINATES,IMPORTED_PENDING_CONFIGURATION,MASTER_HEALTH_FACILITY_2024_07_23
1725,ZW070313,Cheziya Clinic,Midlands,Gokwe South,-18.218137,28.940765,RDC,CLINIC,Rural Council,RURAL_DISTRICT_COUNCIL,Urban,URBAN,Primary,PRIMARY,718848116,,,,2004,,,Status,YES,READY_WITH_COORDINATES,IMPORTED_PENDING_CONFIGURATION,MASTER_HEALTH_FACILITY_2024_07_23
1726,ZW070307,Chitapo Clinic,Midlands,Gokwe South,-18.215302,29.004275,RDC,CLINIC,Rural Council,RURAL_DISTRICT_COUNCIL,Rural,RURAL,Primary,PRIMARY,No cell phone,,,,2014,,,Status,YES,READY_WITH_COORDINATES,IMPORTED_PENDING_CONFIGURATION,MASTER_HEALTH_FACILITY_2024_07_23
1727,ZW070316,Chitave Clinic,Midlands,Gokwe South,-18.197523,28.451455,RDC,CLINIC,Rural Council,RURAL_DISTRICT_COUNCIL,Rural,RURAL,Primary,PRIMARY,718956577,,,,,,,Status,YES,READY_WITH_COORDINATES,IMPORTED_PENDING_CONFIGURATION,MASTER_HEALTH_FACILITY_2024_07_23
1728,ZW070326,Gawa Clinic,Midlands,Gokwe South,-18.262378,28.733693,RDC,CLINIC,Rural Council,RURAL_DISTRICT_COUNCIL,Rural,RURAL,Primary,PRIMARY,786933128,,,,1984,,,Status,YES,READY_WITH_COORDINATES,IMPORTED_PENDING_CONFIGURATION,MASTER_HEALTH_FACILITY_2024_07_23
1730,ZW07030A,Gokwe South District Hospital,Midlands,Gokwe South,-18.211302,28.925304,District Hospital,DISTRICT_HOSPITAL,Government,GOVERNMENT,Rural,RURAL,Secondary,SECONDARY,,,,,1940,,,Status,YES,READY_WITH_COORDINATES,IMPORTED_PENDING_CONFIGURATION,MASTER_HEALTH_FACILITY_2024_07_23
1731,ZW070324,Gokwe South Population Services Zimbabwe,Midlands,Gokwe South,,,RHC,RURAL_HEALTH_CENTRE,Private,PRIVATE,Urban,URBAN,Primary,PRIMARY,,,,,,,,Latitude; Longitude; Status,YES,INCOMPLETE_MISSING_COORDINATES,IMPORTED_PENDING_CONFIGURATION,MASTER_HEALTH_FACILITY_2024_07_23
1732,ZW070315,Gokwe South ZRP Camp Clinic,Midlands,Gokwe South,,,RHC,RURAL_HEALTH_CENTRE,ZRP,ZIMBABWE_REPUBLIC_POLICE,Urban,URBAN,Primary,PRIMARY,,,,,1996,,,Latitude; Longitude; Status,YES,INCOMPLETE_MISSING_COORDINATES,IMPORTED_PENDING_CONFIGURATION,MASTER_HEALTH_FACILITY_2024_07_23
1733,ZW070301,Gwanyika Rural Health Centre,Midlands,Gokwe South,-18.263497,29.242235,RHC,RURAL_HEALTH_CENTRE,Government,GOVERNMENT,Rural,RURAL,Primary,PRIMARY,783585686,,,,1982,,,Status,YES,READY_WITH_COORDINATES,IMPORTED_PENDING_CONFIGURATION,MASTER_HEALTH_FACILITY_2024_07_23
1734,ZW070329,Health and healing medical centre Private,Midlands,Gokwe south,,,RHC,RURAL_HEALTH_CENTRE,Private,PRIVATE,Rural,RURAL,Primary,PRIMARY,,,,,,,,Latitude; Longitude; Status,YES,INCOMPLETE_MISSING_COORDINATES,IMPORTED_PENDING_CONFIGURATION,MASTER_HEALTH_FACILITY_2024_07_23
1735,ZW070397,Huchu Clinic,Midlands,Gokwe South,-17.98611,28.5324993134,RDC,CLINIC,Rural Council,RURAL_DISTRICT_COUNCIL,Rural,RURAL,Primary,PRIMARY,718956704,,,,1993,,,Status,YES,READY_WITH_COORDINATES,IMPORTED_PENDING_CONFIGURATION,MASTER_HEALTH_FACILITY_2024_07_23
1736,ZW070319,Jahana Clinic,Midlands,Gokwe South,-18.01839,28.953668,RDC,CLINIC,Rural Council,RURAL_DISTRICT_COUNCIL,Rural,RURAL,Primary,PRIMARY,713361843,,,,2003,,,Status,YES,READY_WITH_COORDINATES,IMPORTED_PENDING_CONFIGURATION,MASTER_HEALTH_FACILITY_2024_07_23
1737,ZW070328,Jiri/ndoza Clinic,Midlands,Gokwe South,-18.344715,28.257457,RDC,CLINIC,Rural Council,RURAL_DISTRICT_COUNCIL,Rural,RURAL,Primary,PRIMARY,713361840,,,,1981,,,Status,YES,READY_WITH_COORDINATES,IMPORTED_PENDING_CONFIGURATION,MASTER_HEALTH_FACILITY_2024_07_23
1738,ZW07030C,Kana Mission Hospital,Midlands,Gokwe South,-18.555486,28.515737,Mission Hospital,MISSION_HOSPITAL,Mission,MISSION_FAITH_BASED,Rural,RURAL,Secondary,SECONDARY,783585711,,,,Jan-54,,,Status,YES,READY_WITH_COORDINATES,IMPORTED_PENDING_CONFIGURATION,MASTER_HEALTH_FACILITY_2024_07_23
1739,ZW070314,Katema RDC,Midlands,Gokwe South,-18.306755,28.153052,RHC,RURAL_HEALTH_CENTRE,Rural Council,RURAL_DISTRICT_COUNCIL,Rural,RURAL,Primary,PRIMARY,718956867,,,,45888,,,Status,YES,READY_WITH_COORDINATES,IMPORTED_PENDING_CONFIGURATION,MASTER_HEALTH_FACILITY_2024_07_23
1740,ZW070330,Krima Clinic,Midlands,Gokwe South,-18.450445,29.372226,RDC,CLINIC,Rural Council,RURAL_DISTRICT_COUNCIL,Rural,RURAL,Primary,PRIMARY,783585693,,,,1983,,,Status,YES,READY_WITH_COORDINATES,IMPORTED_PENDING_CONFIGURATION,MASTER_HEALTH_FACILITY_2024_07_23
1741,ZW070332,Mangidi Clinic,Midlands,Gokwe South,-18.121538,28.356175,RDC,CLINIC,Rural Council,RURAL_DISTRICT_COUNCIL,Rural,RURAL,Primary,PRIMARY,713361823,,,,1982,,,Status,YES,READY_WITH_COORDINATES,IMPORTED_PENDING_CONFIGURATION,MASTER_HEALTH_FACILITY_2024_07_23
1742,ZW070333,Manoti Clinic,Midlands,Gokwe South,-18.458084,28.379518,RDC,CLINIC,Rural Council,RURAL_DISTRICT_COUNCIL,Rural,RURAL,Primary,PRIMARY,No functional cell phone,,,,1989,,,Status,YES,READY_WITH_COORDINATES,IMPORTED_PENDING_CONFIGURATION,MASTER_HEALTH_FACILITY_2024_07_23
1743,ZW070393,Manyoni Clinic,Midlands,Gokwe South,-18.147789,28.602364,RDC,CLINIC,Rural Council,RURAL_DISTRICT_COUNCIL,Rural,RURAL,Primary,PRIMARY,786933125,,,,1983,,,Status,YES,READY_WITH_COORDINATES,IMPORTED_PENDING_CONFIGURATION,MASTER_HEALTH_FACILITY_2024_07_23
1744,ZW070334,Masuka Clinic,Midlands,Gokwe South,-18.003416,28.402916,RDC,CLINIC,Rural Council,RURAL_DISTRICT_COUNCIL,Rural,RURAL,Primary,PRIMARY,718956699,,,,1986,,,Status,YES,READY_WITH_COORDINATES,IMPORTED_PENDING_CONFIGURATION,MASTER_HEALTH_FACILITY_2024_07_23
1745,ZW070317,Mateme SDA Clinic,Midlands,Gokwe South,-18.575404,28.920286,RHC,RURAL_HEALTH_CENTRE,Mission,MISSION_FAITH_BASED,Rural,RURAL,Primary,PRIMARY,718956689,,,,,,,Status,YES,READY_WITH_COORDINATES,IMPORTED_PENDING_CONFIGURATION,MASTER_HEALTH_FACILITY_2024_07_23
1746,ZW070306,Mateta Rural Health Centre,Midlands,Gokwe South,-18.392521,28.532849,RHC,RURAL_HEALTH_CENTRE,Government,GOVERNMENT,Rural,RURAL,Primary,PRIMARY,,,,,1982,,,Status,YES,READY_WITH_COORDINATES,IMPORTED_PENDING_CONFIGURATION,MASTER_HEALTH_FACILITY_2024_07_23
1747,ZW070354,Medpak Surgery Clinic,Midlands,Gokwe South,,,,,,,,,,,,,,,,,,Latitude; Longitude; Facility Type; Ownership; Status,YES,INCOMPLETE_MISSING_COORDINATES,IMPORTED_PENDING_CONFIGURATION,MASTER_HEALTH_FACILITY_2024_07_23
1748,ZW070341,Mkoka Clinic,Midlands,Gokwe South,-18.548287,28.305051,RDC,CLINIC,Rural Council,RURAL_DISTRICT_COUNCIL,Rural,RURAL,Primary,PRIMARY,788178001,,,,1982,,,Status,YES,READY_WITH_COORDINATES,IMPORTED_PENDING_CONFIGURATION,MASTER_HEALTH_FACILITY_2024_07_23
1749,ZW070335,Msala Clinic,Midlands,Gokwe South,-18.464973,28.044908,RDC,CLINIC,Rural Council,RURAL_DISTRICT_COUNCIL,Rural,RURAL,Primary,PRIMARY,716940276,,,,1982,,,Status,YES,READY_WITH_COORDINATES,IMPORTED_PENDING_CONFIGURATION,MASTER_HEALTH_FACILITY_2024_07_23
1750,ZW070394,Mtanke Clinic,Midlands,Gokwe South,-18.205134,29.240668,Mission Clinic,MISSION_CLINIC,Mission,MISSION_FAITH_BASED,Rural,RURAL,Primary,PRIMARY,713361828,,,,1989,,,Status,YES,READY_WITH_COORDINATES,IMPORTED_PENDING_CONFIGURATION,MASTER_HEALTH_FACILITY_2024_07_23
1751,ZW070336,Musita Clinic,Midlands,Gokwe South,-17.843819,28.578341,RDC,CLINIC,Rural Council,RURAL_DISTRICT_COUNCIL,Rural,RURAL,Primary,PRIMARY,718956711,,,,1982,,,Status,YES,READY_WITH_COORDINATES,IMPORTED_PENDING_CONFIGURATION,MASTER_HEALTH_FACILITY_2024_07_23
1752,ZW070309,Ndavambi Clinic,Midlands,Gokwe South,-18.322728,29.352334,RDC,CLINIC,Rural Council,RURAL_DISTRICT_COUNCIL,Rural,RURAL,Primary,PRIMARY,,,,,,,,Status,YES,READY_WITH_COORDINATES,IMPORTED_PENDING_CONFIGURATION,MASTER_HEALTH_FACILITY_2024_07_23
1753,ZW070310,Ndhlalambi RDC,Midlands,Gokwe South,-18.434156,28.639695,RHC,RURAL_HEALTH_CENTRE,Rural Council,RURAL_DISTRICT_COUNCIL,Rural,RURAL,Primary,PRIMARY,783285166,,,,45676,,,Status,YES,READY_WITH_COORDINATES,IMPORTED_PENDING_CONFIGURATION,MASTER_HEALTH_FACILITY_2024_07_23
1754,ZW070318,Njelele clinic,Midlands,Gokwe South,-18.30263,29.073092,RDC,CLINIC,Rural Council,RURAL_DISTRICT_COUNCIL,Rural,RURAL,Primary,PRIMARY,786933126,,,,46002,,,Status,YES,READY_WITH_COORDINATES,IMPORTED_PENDING_CONFIGURATION,MASTER_HEALTH_FACILITY_2024_07_23
1755,ZW070308,Nyaje Rural Health Centre,Midlands,Gokwe South,-18.55227,28.797592,RHC,RURAL_HEALTH_CENTRE,Government,GOVERNMENT,Rural,RURAL,Primary,PRIMARY,,,,,1979,,,Status,YES,READY_WITH_COORDINATES,IMPORTED_PENDING_CONFIGURATION,MASTER_HEALTH_FACILITY_2024_07_23
1756,ZW070337,Nyamhunga Clinic,Midlands,Gokwe South,-18.346441,28.462551,RDC,CLINIC,Rural Council,RURAL_DISTRICT_COUNCIL,Rural,RURAL,Primary,PRIMARY,718854288,,,,1974,,,Status,YES,READY_WITH_COORDINATES,IMPORTED_PENDING_CONFIGURATION,MASTER_HEALTH_FACILITY_2024_07_23
1757,ZW070320,Nyaradza clinic,Midlands,Gokwe South,-18.335277,28.842592,RHC,RURAL_HEALTH_CENTRE,Government,GOVERNMENT,Rural,RURAL,Primary,PRIMARY,781534521,,,,6-Sept-27,,,Status,YES,READY_WITH_COORDINATES,IMPORTED_PENDING_CONFIGURATION,MASTER_HEALTH_FACILITY_2024_07_23
1758,ZW070338,Sai Clinic,Midlands,Gokwe South,-18.258731,28.328771,RDC,CLINIC,Rural Council,RURAL_DISTRICT_COUNCIL,Rural,RURAL,Primary,PRIMARY,0713306001/0718956594,,,,1982,,,Status,YES,READY_WITH_COORDINATES,IMPORTED_PENDING_CONFIGURATION,MASTER_HEALTH_FACILITY_2024_07_23
1759,ZW070396,Sessame Clinic,Midlands,Gokwe South,-17.954522,28.735044,Mission Clinic,MISSION_CLINIC,Mission,MISSION_FAITH_BASED,Rural,RURAL,Primary,PRIMARY,783585697,,,,1964,,,Status,YES,READY_WITH_COORDINATES,IMPORTED_PENDING_CONFIGURATION,MASTER_HEALTH_FACILITY_2024_07_23
1760,ZW070311,Svisvi Clinic,Midlands,Gokwe South,-18.060443,28.777287,RDC,CLINIC,Rural Council,RURAL_DISTRICT_COUNCIL,Rural,RURAL,Primary,PRIMARY,780839516,,,,1983,,,Status,YES,READY_WITH_COORDINATES,IMPORTED_PENDING_CONFIGURATION,MASTER_HEALTH_FACILITY_2024_07_23
1762,ZW070312,Zhamba Clinic,Midlands,Gokwe South,-18.225109,28.061095,RDC,CLINIC,Rural Council,RURAL_DISTRICT_COUNCIL,Rural,RURAL,Primary,PRIMARY,770010502,,,,1993,,,Status,YES,READY_WITH_COORDINATES,IMPORTED_PENDING_CONFIGURATION,MASTER_HEALTH_FACILITY_2024_07_23
1763,ZW070383,ZPS Gokwe Prison Clinic,Midlands,Gokwe South,,,RHC,RURAL_HEALTH_CENTRE,ZPS,ZIMBABWE_PRISONS_AND_CORRECTIONAL_SERVICE,Urban,URBAN,Primary,PRIMARY,,,,,2006,,,Latitude; Longitude; Status,YES,INCOMPLETE_MISSING_COORDINATES,IMPORTED_PENDING_CONFIGURATION,MASTER_HEALTH_FACILITY_2024_07_23
1764,ZW070451,Bata Clinic Private,Midlands,Gweru,,,RHC,RURAL_HEALTH_CENTRE,Private,PRIVATE,Urban,URBAN,Primary,PRIMARY,,,,,,,,Latitude; Longitude; Status,YES,INCOMPLETE_MISSING_COORDINATES,IMPORTED_PENDING_CONFIGURATION,MASTER_HEALTH_FACILITY_2024_07_23
1765,ZW070461,Child Welfare Clinic,Midlands,Gweru,,,RHC,RURAL_HEALTH_CENTRE,Town/City Council,LOCAL_AUTHORITY,Urban,URBAN,Primary,PRIMARY,786933224,,,,,,,Latitude; Longitude; Status,YES,INCOMPLETE_MISSING_COORDINATES,IMPORTED_PENDING_CONFIGURATION,MASTER_HEALTH_FACILITY_2024_07_23
1767,ZW070425,Chiwundura Clinic,Midlands,Gweru,-19.236886,29.947453,RDC,CLINIC,Rural Council,RURAL_DISTRICT_COUNCIL,Rural,RURAL,Primary,PRIMARY,786933214,,,,,,,Status,YES,READY_WITH_COORDINATES,IMPORTED_PENDING_CONFIGURATION,MASTER_HEALTH_FACILITY_2024_07_23
1768,ZW07040E,Claybank Private Hospital,Midlands,Gweru,,,General Hospital,HOSPITAL_REQUIRES_LEVEL_REVIEW,Private,PRIVATE,Urban,URBAN,Secondary,SECONDARY,778128087,,,,,,,Latitude; Longitude; Status,YES,INCOMPLETE_MISSING_COORDINATES,IMPORTED_PENDING_CONFIGURATION,MASTER_HEALTH_FACILITY_2024_07_23
1769,ZW070481,Dabuka NRZ Clinic,Midlands,Gweru,,,RHC,RURAL_HEALTH_CENTRE,Parastatal,PARASTATAL,Urban,URBAN,Primary,PRIMARY,,,,,,,,Latitude; Longitude; Status,YES,INCOMPLETE_MISSING_COORDINATES,IMPORTED_PENDING_CONFIGURATION,MASTER_HEALTH_FACILITY_2024_07_23
1770,ZW070409,Five Maintenance Clinic,Midlands,Gweru,,,RHC,RURAL_HEALTH_CENTRE,ZNA,UNIFORMED_SERVICE,Urban,URBAN,Primary,PRIMARY,715208979,,,,,,,Latitude; Longitude; Status,YES,INCOMPLETE_MISSING_COORDINATES,IMPORTED_PENDING_CONFIGURATION,MASTER_HEALTH_FACILITY_2024_07_23
1771,ZW070401,Gunde Rural Health Centre,Midlands,Gweru,-19.187613,29.99699,RHC,RURAL_HEALTH_CENTRE,Government,GOVERNMENT,Rural,RURAL,Primary,PRIMARY,786933190,,,,,,,Status,YES,READY_WITH_COORDINATES,IMPORTED_PENDING_CONFIGURATION,MASTER_HEALTH_FACILITY_2024_07_23
1772,ZW07040B,Gweru District Hospital,Midlands,Gweru,-19.479689,29.815469,District Hospital,DISTRICT_HOSPITAL,Government,GOVERNMENT,Urban,URBAN,Secondary,SECONDARY,773739568,,,,,,,Status,YES,READY_WITH_COORDINATES,IMPORTED_PENDING_CONFIGURATION,MASTER_HEALTH_FACILITY_2024_07_23
1773,ZW07040D,Gweru Infectious Diseases Hospital,Midlands,Gweru,-19.430065,29.791993,General Hospital,HOSPITAL_REQUIRES_LEVEL_REVIEW,Town/City Council,LOCAL_AUTHORITY,Urban,URBAN,Special,SPECIAL,,,,,,,,Status,YES,READY_WITH_COORDINATES,IMPORTED_PENDING_CONFIGURATION,MASTER_HEALTH_FACILITY_2024_07_23
1774,ZW070485,Gweru NRZ Clinic,Midlands,Gweru,,,RHC,RURAL_HEALTH_CENTRE,Parastatal,PARASTATAL,Urban,URBAN,Primary,PRIMARY,,,,,,,,Latitude; Longitude; Status,YES,INCOMPLETE_MISSING_COORDINATES,IMPORTED_PENDING_CONFIGURATION,MASTER_HEALTH_FACILITY_2024_07_23
1776,ZW07040A,Gweru Provincial Hospital,Midlands,Gweru,-19.461232,29.83052,Provincial Hospital,PROVINCIAL_HOSPITAL,Government,GOVERNMENT,Urban,URBAN,Secondary,SECONDARY,,,,,,,,Status,YES,READY_WITH_COORDINATES,IMPORTED_PENDING_CONFIGURATION,MASTER_HEALTH_FACILITY_2024_07_23
1777,ZW070416,Gweru ZRP Clinic,Midlands,Gweru,,,RHC,RURAL_HEALTH_CENTRE,ZRP,ZIMBABWE_REPUBLIC_POLICE,Urban,URBAN,Primary,PRIMARY,,,,,,,,Latitude; Longitude; Status,YES,INCOMPLETE_MISSING_COORDINATES,IMPORTED_PENDING_CONFIGURATION,MASTER_HEALTH_FACILITY_2024_07_23
1778,ZW070494,Hozheri Clinic,Midlands,Gweru,-19.364219,30.096444,Mission Clinic,MISSION_CLINIC,Mission,MISSION_FAITH_BASED,Rural,RURAL,Primary,PRIMARY,786933240,,,,,,,Status,YES,READY_WITH_COORDINATES,IMPORTED_PENDING_CONFIGURATION,MASTER_HEALTH_FACILITY_2024_07_23
1779,ZW070466,Ivene Clinic,Midlands,Gweru,-19.489397,29.808987,RHC,RURAL_HEALTH_CENTRE,Town/City Council,LOCAL_AUTHORITY,Urban,URBAN,Primary,PRIMARY,786933220,,,,,,,Status,YES,READY_WITH_COORDINATES,IMPORTED_PENDING_CONFIGURATION,MASTER_HEALTH_FACILITY_2024_07_23
1780,ZW070402,Kabanga Rural Health Centre,Midlands,Gweru,-19.139377,30.073501,RHC,RURAL_HEALTH_CENTRE,Government,GOVERNMENT,Rural,RURAL,Primary,PRIMARY,786933230,,,,,,,Status,YES,READY_WITH_COORDINATES,IMPORTED_PENDING_CONFIGURATION,MASTER_HEALTH_FACILITY_2024_07_23
1781,ZW070491,Lower Gweru clinic,Midlands,Gweru,-19.379298,29.526122,RHC,RURAL_HEALTH_CENTRE,Government,GOVERNMENT,Rural,RURAL,Primary,PRIMARY,786015018,,,,,,,Status,YES,READY_WITH_COORDINATES,IMPORTED_PENDING_CONFIGURATION,MASTER_HEALTH_FACILITY_2024_07_23
1783,ZW070427,Madikani Clinic,Midlands,Gweru,-19.262916,29.294826,RDC,CLINIC,Rural Council,RURAL_DISTRICT_COUNCIL,Rural,RURAL,Primary,PRIMARY,786933176,,,,,,,Status,YES,READY_WITH_COORDINATES,IMPORTED_PENDING_CONFIGURATION,MASTER_HEALTH_FACILITY_2024_07_23
1784,ZW070428,Makepesi Clinic,Midlands,Gweru,-19.377737,29.568779,RDC,CLINIC,Rural Council,RURAL_DISTRICT_COUNCIL,Rural,RURAL,Primary,PRIMARY,786933194,,,,,,,Status,YES,READY_WITH_COORDINATES,IMPORTED_PENDING_CONFIGURATION,MASTER_HEALTH_FACILITY_2024_07_23
1785,ZW070403,Mangwandi Rural Health Centre,Midlands,Gweru,-19.372813,29.420498,RHC,RURAL_HEALTH_CENTRE,Government,GOVERNMENT,Rural,RURAL,Primary,PRIMARY,786933136,,,,,,,Status,YES,READY_WITH_COORDINATES,IMPORTED_PENDING_CONFIGURATION,MASTER_HEALTH_FACILITY_2024_07_23
1786,ZW070404,Masvori Rural Health Centre,Midlands,Gweru,-19.212784,30.060414,RHC,RURAL_HEALTH_CENTRE,Government,GOVERNMENT,Rural,RURAL,Primary,PRIMARY,786933212,,,,,,,Status,YES,READY_WITH_COORDINATES,IMPORTED_PENDING_CONFIGURATION,MASTER_HEALTH_FACILITY_2024_07_23
1787,ZW07040F,Midlands Private Hospital,Midlands,Gweru,,,General Hospital,HOSPITAL_REQUIRES_LEVEL_REVIEW,Private,PRIVATE,Urban,URBAN,Secondary,SECONDARY,772244144,,,,,,,Latitude; Longitude; Status,YES,INCOMPLETE_MISSING_COORDINATES,IMPORTED_PENDING_CONFIGURATION,MASTER_HEALTH_FACILITY_2024_07_23
1788,ZW070407,Midlands State University Clinic,Midlands,Gweru,,,RHC,RURAL_HEALTH_CENTRE,Private,PRIVATE,Urban,URBAN,Primary,PRIMARY,775068902,,,,,,,Latitude; Longitude; Status,YES,INCOMPLETE_MISSING_COORDINATES,IMPORTED_PENDING_CONFIGURATION,MASTER_HEALTH_FACILITY_2024_07_23
1789,ZW070462,Mkoba I Clinic,Midlands,Gweru,-19.467572,29.766552,RHC,RURAL_HEALTH_CENTRE,Town/City Council,LOCAL_AUTHORITY,Urban,URBAN,Primary,PRIMARY,715609490,,,,,,,Status,YES,READY_WITH_COORDINATES,IMPORTED_PENDING_CONFIGURATION,MASTER_HEALTH_FACILITY_2024_07_23
1790,ZW070463,Mkoba PolyClinic,Midlands,Gweru,-19.459519,29.750945,RHC,RURAL_HEALTH_CENTRE,Town/City Council,LOCAL_AUTHORITY,Urban,URBAN,Primary,PRIMARY,774169189,,,,,,,Status,YES,READY_WITH_COORDINATES,IMPORTED_PENDING_CONFIGURATION,MASTER_HEALTH_FACILITY_2024_07_23
1791,ZW070464,Monomutapa Clinic,Midlands,Gweru,-19.444519,29.802754,RHC,RURAL_HEALTH_CENTRE,Town/City Council,LOCAL_AUTHORITY,Urban,URBAN,Primary,PRIMARY,779167501,,,,,,,Status,YES,READY_WITH_COORDINATES,IMPORTED_PENDING_CONFIGURATION,MASTER_HEALTH_FACILITY_2024_07_23
1792,ZW070405,Nkululeko Rural Health Centre,Midlands,Gweru,-1920103.0,29.6528091431,RHC,RURAL_HEALTH_CENTRE,Government,GOVERNMENT,Rural,RURAL,Primary,PRIMARY,,,,,,,,Status,YES,READY_WITH_COORDINATES,IMPORTED_PENDING_CONFIGURATION,MASTER_HEALTH_FACILITY_2024_07_23
1793,ZW070406,Ntabamhlope Rural Health Centre,Midlands,Gweru,-19.160992,29.405158,RHC,RURAL_HEALTH_CENTRE,Government,GOVERNMENT,Rural,RURAL,Primary,PRIMARY,786933182,,,,,,,Status,YES,READY_WITH_COORDINATES,IMPORTED_PENDING_CONFIGURATION,MASTER_HEALTH_FACILITY_2024_07_23
1795,ZW070465,PSI New Start Centre,Midlands,Gweru,,,RHC,RURAL_HEALTH_CENTRE,Private,PRIVATE,Urban,URBAN,Primary,PRIMARY,771725144,,,,,,,Latitude; Longitude; Status,YES,INCOMPLETE_MISSING_COORDINATES,IMPORTED_PENDING_CONFIGURATION,MASTER_HEALTH_FACILITY_2024_07_23
1796,ZW070429,Riverdale Clinic,Midlands,Gweru,,,,,,,,,,,,,,,,,,Latitude; Longitude; Facility Type; Ownership; Status,YES,INCOMPLETE_MISSING_COORDINATES,IMPORTED_PENDING_CONFIGURATION,MASTER_HEALTH_FACILITY_2024_07_23
1797,ZW070423,Rubi Clinic,Midlands,Gweru,-19.611095,29.444921,RDC,CLINIC,Rural Council,RURAL_DISTRICT_COUNCIL,Rural,RURAL,Primary,PRIMARY,786933168,,,,,,,Status,YES,READY_WITH_COORDINATES,IMPORTED_PENDING_CONFIGURATION,MASTER_HEALTH_FACILITY_2024_07_23
1798,ZW070467,Senga Clinic,Midlands,Gweru,-19.496222,29.838114,RHC,RURAL_HEALTH_CENTRE,Town/City Council,LOCAL_AUTHORITY,Urban,URBAN,Primary,PRIMARY,715609491,,,,,,,Status,YES,READY_WITH_COORDINATES,IMPORTED_PENDING_CONFIGURATION,MASTER_HEALTH_FACILITY_2024_07_23
1799,ZW070486,Sino Zimbabwe Clinic,Midlands,Gweru,,,RHC,RURAL_HEALTH_CENTRE,Mine,MINE,Rural,RURAL,Primary,PRIMARY,773530058,,,,,,,Latitude; Longitude; Status,YES,INCOMPLETE_MISSING_COORDINATES,IMPORTED_PENDING_CONFIGURATION,MASTER_HEALTH_FACILITY_2024_07_23
1800,ZW070445,Somabhula Clinic,Midlands,Gweru,-19.700696,29.663357,RDC,CLINIC,Rural Council,RURAL_DISTRICT_COUNCIL,Rural,RURAL,Primary,PRIMARY,786933218,,,,,,,Status,YES,READY_WITH_COORDINATES,IMPORTED_PENDING_CONFIGURATION,MASTER_HEALTH_FACILITY_2024_07_23
1801,ZW070492,St Patrick's Clinic,Midlands,Gweru,-19.22423,29.901954,Mission Clinic,MISSION_CLINIC,Mission,MISSION_FAITH_BASED,Rural,RURAL,Primary,PRIMARY,786933123,,,,,,,Status,YES,READY_WITH_COORDINATES,IMPORTED_PENDING_CONFIGURATION,MASTER_HEALTH_FACILITY_2024_07_23
1804,ZW070422,Tumbire Clinic,Midlands,Gweru,-19.250545,29.459067,RDC,CLINIC,Rural Council,RURAL_DISTRICT_COUNCIL,Rural,RURAL,Primary,PRIMARY,786933138,,,,,,,Status,YES,READY_WITH_COORDINATES,IMPORTED_PENDING_CONFIGURATION,MASTER_HEALTH_FACILITY_2024_07_23
1805,ZW070446,Vungu Clinic,Midlands,Gweru,-19.396909,29.472252,RDC,CLINIC,Rural Council,RURAL_DISTRICT_COUNCIL,Rural,RURAL,Primary,PRIMARY,786933106,,,,,,,Status,YES,READY_WITH_COORDINATES,IMPORTED_PENDING_CONFIGURATION,MASTER_HEALTH_FACILITY_2024_07_23
1806,ZW070448,Vungu District Mobile,Midlands,Gweru,,,,,,,,,,,,,,,,,,Latitude; Longitude; Facility Type; Ownership; Status,YES,INCOMPLETE_MISSING_COORDINATES,IMPORTED_PENDING_CONFIGURATION,MASTER_HEALTH_FACILITY_2024_07_23
1807,ZW070413,ZPS Connemara Prison Clinic,Midlands,Gweru,-19.2072,29.82,RHC,RURAL_HEALTH_CENTRE,ZPS,ZIMBABWE_PRISONS_AND_CORRECTIONAL_SERVICE,Rural,RURAL,Primary,PRIMARY,,,,,,,,Status,YES,READY_WITH_COORDINATES,IMPORTED_PENDING_CONFIGURATION,MASTER_HEALTH_FACILITY_2024_07_23
1808,ZW070417,ZPS Thornhill Prison Clinic,Midlands,Gweru,,,RHC,RURAL_HEALTH_CENTRE,ZPS,ZIMBABWE_PRISONS_AND_CORRECTIONAL_SERVICE,Urban,URBAN,Primary,PRIMARY,,,,,,,,Latitude; Longitude; Status,YES,INCOMPLETE_MISSING_COORDINATES,IMPORTED_PENDING_CONFIGURATION,MASTER_HEALTH_FACILITY_2024_07_23
1809,ZW070414,ZPS Whawha Prison Clinic,Midlands,Gweru,,,RHC,RURAL_HEALTH_CENTRE,ZPS,ZIMBABWE_PRISONS_AND_CORRECTIONAL_SERVICE,Peri-Urban,PERI_URBAN,Primary,PRIMARY,786933211,,,,,,,Latitude; Longitude; Status,YES,INCOMPLETE_MISSING_COORDINATES,IMPORTED_PENDING_CONFIGURATION,MASTER_HEALTH_FACILITY_2024_07_23
1810,ZW070415,ZPS Whawha Prison Young Offenders Clinic,Midlands,Gweru,,,RHC,RURAL_HEALTH_CENTRE,ZPS,ZIMBABWE_PRISONS_AND_CORRECTIONAL_SERVICE,Peri-Urban,PERI_URBAN,Primary,PRIMARY,,,,,,,,Latitude; Longitude; Status,YES,INCOMPLETE_MISSING_COORDINATES,IMPORTED_PENDING_CONFIGURATION,MASTER_HEALTH_FACILITY_2024_07_23
1814,ZW070576,Community Polyclinic,Midlands,Kwekwe,,,RHC,RURAL_HEALTH_CENTRE,Private,PRIVATE,Urban,URBAN,Primary,PRIMARY,715920391,Functional,ACTIVE_OR_OPERATIONAL,,,,,Latitude; Longitude,YES,INCOMPLETE_MISSING_COORDINATES,IMPORTED_PENDING_CONFIGURATION,MASTER_HEALTH_FACILITY_2024_07_23
1820,ZW070551,Globe and Phoenix Clinic,Midlands,Kwekwe,,,,,Private,PRIVATE,,,Primary,PRIMARY,,Functional,ACTIVE_OR_OPERATIONAL,,,,,Latitude; Longitude; Facility Type,YES,INCOMPLETE_MISSING_COORDINATES,IMPORTED_PENDING_CONFIGURATION,MASTER_HEALTH_FACILITY_2024_07_23
1821,ZW070588,Gomola Clinic,Midlands,Kwekwe,-18.769135,29.45265,RDC,CLINIC,Rural Council,RURAL_DISTRICT_COUNCIL,Rural,RURAL,Primary,PRIMARY,787968087,,,,,,,Status,YES,READY_WITH_COORDINATES,IMPORTED_PENDING_CONFIGURATION,MASTER_HEALTH_FACILITY_2024_07_23
1822,ZW070577,Jena Mines Clinic,Midlands,Kwekwe,,,RHC,RURAL_HEALTH_CENTRE,Private,PRIVATE,Rural,RURAL,Primary,PRIMARY,787968089,,,,,,,Latitude; Longitude; Status,YES,INCOMPLETE_MISSING_COORDINATES,IMPORTED_PENDING_CONFIGURATION,MASTER_HEALTH_FACILITY_2024_07_23
1823,ZW0705A,Kwekwe General Hospital,Midlands,Kwekwe,-18.936497,29.825826,General Hospital,HOSPITAL_REQUIRES_LEVEL_REVIEW,Government,GOVERNMENT,Urban,URBAN,Secondary,SECONDARY,783283023,,,,,,,Status,YES,READY_WITH_COORDINATES,IMPORTED_PENDING_CONFIGURATION,MASTER_HEALTH_FACILITY_2024_07_23
1824,ZW070527,Malisa Joshepha Clinic,Midlands,Kwekwe,-18.996433,29.109705,RDC,CLINIC,Rural Council,RURAL_DISTRICT_COUNCIL,Rural,RURAL,Primary,PRIMARY,787968090,,,,,,,Status,YES,READY_WITH_COORDINATES,IMPORTED_PENDING_CONFIGURATION,MASTER_HEALTH_FACILITY_2024_07_23
1825,ZW070528,Malisa Zhombe Clinic,Midlands,Kwekwe,-18.724989,29.241816,RDC,CLINIC,Rural Council,RURAL_DISTRICT_COUNCIL,Rural,RURAL,Primary,PRIMARY,787968091,,,,,,,Status,YES,READY_WITH_COORDINATES,IMPORTED_PENDING_CONFIGURATION,MASTER_HEALTH_FACILITY_2024_07_23
1826,ZW070509,Mayoka Clinic,Midlands,Kwekwe,-18.761014,29.60149,RDC,CLINIC,Government,GOVERNMENT,Rural,RURAL,Primary,PRIMARY,713756678,,,,,,,Status,YES,READY_WITH_COORDINATES,IMPORTED_PENDING_CONFIGURATION,MASTER_HEALTH_FACILITY_2024_07_23
1827,ZW070503,Mazebe Rural Health Centre,Midlands,Kwekwe,-18.930989,28.993582,RHC,RURAL_HEALTH_CENTRE,Government,GOVERNMENT,Rural,RURAL,Primary,PRIMARY,774150575,,,,,,,Status,YES,READY_WITH_COORDINATES,IMPORTED_PENDING_CONFIGURATION,MASTER_HEALTH_FACILITY_2024_07_23
1829,ZW070562,Mbizo I Clinic,Midlands,Kwekwe,-18.905727,29.834909,RHC,RURAL_HEALTH_CENTRE,Town/City Council,LOCAL_AUTHORITY,Urban,URBAN,Primary,PRIMARY,783283019,,,,,,,Status,YES,READY_WITH_COORDINATES,IMPORTED_PENDING_CONFIGURATION,MASTER_HEALTH_FACILITY_2024_07_23
1830,ZW070563,Mbizo II Clinic,Midlands,Kwekwe,-18.905682,29.850265,RHC,RURAL_HEALTH_CENTRE,Town/City Council,LOCAL_AUTHORITY,Urban,URBAN,Primary,PRIMARY,783283018,,,,,,,Status,YES,READY_WITH_COORDINATES,IMPORTED_PENDING_CONFIGURATION,MASTER_HEALTH_FACILITY_2024_07_23
1831,ZW070553,Mlezu Clinic,Midlands,Kwekwe,-19.143875,29.920312,RHC,RURAL_HEALTH_CENTRE,Government,GOVERNMENT,Rural,RURAL,Primary,PRIMARY,787968095,,,,,,,Status,YES,READY_WITH_COORDINATES,IMPORTED_PENDING_CONFIGURATION,MASTER_HEALTH_FACILITY_2024_07_23
1833,ZW070504,Msilahobe Rural Health Centre,Midlands,Kwekwe,-19.173073,29.144018,RHC,RURAL_HEALTH_CENTRE,Government,GOVERNMENT,Rural,RURAL,Primary,PRIMARY,775306631,,,,,,,Status,YES,READY_WITH_COORDINATES,IMPORTED_PENDING_CONFIGURATION,MASTER_HEALTH_FACILITY_2024_07_23
1834,ZW070585,Munyati Clinic,Midlands,Kwekwe,-18.661223,29.780026,RHC,RURAL_HEALTH_CENTRE,Private,PRIVATE,Rural,RURAL,Primary,PRIMARY,787968066,,,,,,,Status,YES,READY_WITH_COORDINATES,IMPORTED_PENDING_CONFIGURATION,MASTER_HEALTH_FACILITY_2024_07_23
1836,ZW070529,Ntabeni Clinic,Midlands,Kwekwe,-18.801924,29.331628,RDC,CLINIC,Rural Council,RURAL_DISTRICT_COUNCIL,Rural,RURAL,Primary,PRIMARY,776150604,,,,,,,Status,YES,READY_WITH_COORDINATES,IMPORTED_PENDING_CONFIGURATION,MASTER_HEALTH_FACILITY_2024_07_23
1837,ZW070505,Nyoni Rural Health Centre,Midlands,Kwekwe,-18.965577,29.328545,RHC,RURAL_HEALTH_CENTRE,Government,GOVERNMENT,Rural,RURAL,Primary,PRIMARY,787968068,,,,,,,Status,YES,READY_WITH_COORDINATES,IMPORTED_PENDING_CONFIGURATION,MASTER_HEALTH_FACILITY_2024_07_23
1839,ZW070559,Redcliff Clinic,Midlands,Kwekwe,-19.022492,29.782271,RHC,RURAL_HEALTH_CENTRE,Town/City Council,LOCAL_AUTHORITY,Urban,URBAN,Primary,PRIMARY,787968069,,,,,,,Status,YES,READY_WITH_COORDINATES,IMPORTED_PENDING_CONFIGURATION,MASTER_HEALTH_FACILITY_2024_07_23
1840,ZW070552,Rio Tinto Clinic,Midlands,Kwekwe,-18.4676,29.430962,RHC,RURAL_HEALTH_CENTRE,Government,GOVERNMENT,Urban,URBAN,Primary,PRIMARY,787968070,,,,,,,Status,YES,READY_WITH_COORDINATES,IMPORTED_PENDING_CONFIGURATION,MASTER_HEALTH_FACILITY_2024_07_23
1841,ZW070564,Rutendo Clinic,Midlands,Kwekwe,-19.008408,29.773365,RHC,RURAL_HEALTH_CENTRE,Town/City Council,LOCAL_AUTHORITY,Urban,URBAN,Primary,PRIMARY,787968071,,,,,,,Status,YES,READY_WITH_COORDINATES,IMPORTED_PENDING_CONFIGURATION,MASTER_HEALTH_FACILITY_2024_07_23
1843,ZW070530,Samambwa Clinic,Midlands,Kwekwe,-18.334046,29.44704,RDC,CLINIC,Rural Council,RURAL_DISTRICT_COUNCIL,Rural,RURAL,Primary,PRIMARY,787968072,,,,,,,Status,YES,READY_WITH_COORDINATES,IMPORTED_PENDING_CONFIGURATION,MASTER_HEALTH_FACILITY_2024_07_23
1844,ZW070565,Sebakwe Clinic,Midlands,Kwekwe,-18.977504,30.110742,RDC,CLINIC,Rural Council,RURAL_DISTRICT_COUNCIL,Rural,RURAL,Primary,PRIMARY,713755772,,,,,,,Status,YES,READY_WITH_COORDINATES,IMPORTED_PENDING_CONFIGURATION,MASTER_HEALTH_FACILITY_2024_07_23
1845,ZW070531,Senkwazi Clinic,Midlands,Kwekwe,-18.58236,29.435235,RDC,CLINIC,Rural Council,RURAL_DISTRICT_COUNCIL,Rural,RURAL,Primary,PRIMARY,713755769,,,,,,,Status,YES,READY_WITH_COORDINATES,IMPORTED_PENDING_CONFIGURATION,MASTER_HEALTH_FACILITY_2024_07_23
1846,ZW070566,Sherwood Clinic,Midlands,Kwekwe,-18.81485,29.777653,RDC,CLINIC,Rural Council,RURAL_DISTRICT_COUNCIL,Urban,URBAN,Primary,PRIMARY,787968073,,,,,,,Status,YES,READY_WITH_COORDINATES,IMPORTED_PENDING_CONFIGURATION,MASTER_HEALTH_FACILITY_2024_07_23
1848,ZW070532,Sidakeni Clinic,Midlands,Kwekwe,-18.440249,29.468618,RDC,CLINIC,Rural Council,RURAL_DISTRICT_COUNCIL,Rural,RURAL,Primary,PRIMARY,787968074,,,,,,,Status,YES,READY_WITH_COORDINATES,IMPORTED_PENDING_CONFIGURATION,MASTER_HEALTH_FACILITY_2024_07_23
1850,ZW0705B,Silobela District Hospital,Midlands,Kwekwe,-18.994534,29.304649,District Hospital,DISTRICT_HOSPITAL,Government,GOVERNMENT,Rural,RURAL,Secondary,SECONDARY,783283021,,,,,,,Status,YES,READY_WITH_COORDINATES,IMPORTED_PENDING_CONFIGURATION,MASTER_HEALTH_FACILITY_2024_07_23
1851,ZW070533,Silobela Jackson Clinic,Midlands,Kwekwe,-19.1041,29.2501,RDC,CLINIC,Rural Council,RURAL_DISTRICT_COUNCIL,Rural,RURAL,Primary,PRIMARY,787968088,,,,,,,Status,YES,READY_WITH_COORDINATES,IMPORTED_PENDING_CONFIGURATION,MASTER_HEALTH_FACILITY_2024_07_23
1852,ZW070534,Simana Clinic,Midlands,Kwekwe,-18.921939,29.113389,RDC,CLINIC,Rural Council,RURAL_DISTRICT_COUNCIL,Rural,RURAL,Primary,PRIMARY,787968076,,,,,,,Status,YES,READY_WITH_COORDINATES,IMPORTED_PENDING_CONFIGURATION,MASTER_HEALTH_FACILITY_2024_07_23
1853,ZW070584,Tiger Reef Clinic,Midlands,Kwekwe,,,,,Private,PRIVATE,,,,,,,,,,,,Latitude; Longitude; Facility Type; Status,YES,INCOMPLETE_MISSING_COORDINATES,IMPORTED_PENDING_CONFIGURATION,MASTER_HEALTH_FACILITY_2024_07_23
1855,ZW070554,Torwood Clinic,Midlands,Kwekwe,-19.009926,29.73403,RHC,RURAL_HEALTH_CENTRE,Town/City Council,LOCAL_AUTHORITY,Urban,URBAN,Primary,PRIMARY,,,,,,,,Status,YES,READY_WITH_COORDINATES,IMPORTED_PENDING_CONFIGURATION,MASTER_HEALTH_FACILITY_2024_07_23
1856,ZW0705C,Zhombe Mission Hospital,Midlands,Kwekwe,-18.696999,29.38544,Mission Hospital,MISSION_HOSPITAL,Mission,MISSION_FAITH_BASED,Rural,RURAL,Secondary,SECONDARY,,,,,,,,Status,YES,READY_WITH_COORDINATES,IMPORTED_PENDING_CONFIGURATION,MASTER_HEALTH_FACILITY_2024_07_23
1877,ZW070609,Mataga Health Centre,Midlands,Mberengwa,,,HC,HC,Government,GOVERNMENT,Rural,RURAL,Secondary,SECONDARY,,Open,ACTIVE_OR_OPERATIONAL,22,45842,,,Latitude; Longitude,YES,INCOMPLETE_MISSING_COORDINATES,IMPORTED_PENDING_CONFIGURATION,MASTER_HEALTH_FACILITY_2024_07_23
1897,ZW070680,ZPS Mberengwa Prison Clinic,Midlands,Mberengwa,,,RHC,RURAL_HEALTH_CENTRE,ZPS,ZIMBABWE_PRISONS_AND_CORRECTIONAL_SERVICE,Rural,RURAL,Primary,PRIMARY,,Open,ACTIVE_OR_OPERATIONAL,3,,,,Latitude; Longitude,YES,INCOMPLETE_MISSING_COORDINATES,IMPORTED_PENDING_CONFIGURATION,MASTER_HEALTH_FACILITY_2024_07_23
1928,ZW070780,Unki Clinic,Midlands,Shurugwi,,,RHC,RURAL_HEALTH_CENTRE,Mine,MINE,Rural,RURAL,Primary,PRIMARY,263 772100091,Open,ACTIVE_OR_OPERATIONAL,0,2012,,,Latitude; Longitude,YES,INCOMPLETE_MISSING_COORDINATES,IMPORTED_PENDING_CONFIGURATION,MASTER_HEALTH_FACILITY_2024_07_23
1936,ZW070834,Chirere clinic,Midlands,Zvishavane,-20.237968,30.190062,RDC,CLINIC,Rural Council,RURAL_DISTRICT_COUNCIL,Rural,RURAL,Primary,PRIMARY,,,,8,,,,Status,YES,READY_WITH_COORDINATES,IMPORTED_PENDING_CONFIGURATION,MASTER_HEALTH_FACILITY_2024_07_23
1941,ZW070883,Itai Ngoni Medical Centre,Midlands,Zvishavane,,,Private,PRIVATE,Private,PRIVATE,Urban,URBAN,Primary,PRIMARY,0787951847,Open,ACTIVE_OR_OPERATIONAL,,,,,Latitude; Longitude,YES,INCOMPLETE_MISSING_COORDINATES,IMPORTED_PENDING_CONFIGURATION,MASTER_HEALTH_FACILITY_2024_07_23
1956,ZW07080D,RZM Mrowa Hospital,Midlands,Zvishavane,,,Private Hospital,PRIVATE_HOSPITAL,Mine,MINE,Rural,RURAL,Secondary,SECONDARY,,Open,ACTIVE_OR_OPERATIONAL,,,,,Latitude; Longitude,YES,INCOMPLETE_MISSING_COORDINATES,IMPORTED_PENDING_CONFIGURATION,MASTER_HEALTH_FACILITY_2024_07_23
