source_row,facility_code,facility_name,province,district,latitude,longitude,facility_type_raw,facility_type_canonical,ownership_raw,ownership_canonical,location_raw,location_canonical,level_raw,level_canonical,contact_raw,status_raw,status_canonical,bed_capacity,date_opened,date_closed,comments,acceptable_missing_fields,frontend_missing_visible,geospatial_readiness,facility_setup_state,source_label,required_missing_fields,exclusion_reason
13,ZW010130,Chiwenga Clinic,Manicaland,Buhera,-19.239178,31.977644,RDC,CLINIC,Rural Council,RURAL_DISTRICT_COUNCIL,Rural,RURAL,Primary,PRIMARY,,Open,ACTIVE_OR_OPERATIONAL,,,,,,NO,READY_WITH_COORDINATES,STAGED_REVIEW_REQUIRED,MASTER_HEALTH_FACILITY_2024_07_23,,DUPLICATE_FACILITY_NAME
17,ZW010134,Gunura Clinic,Manicaland,Buhera,-19.858873,32.293098,RHC,RURAL_HEALTH_CENTRE,Government,GOVERNMENT,Rural,RURAL,Primary,PRIMARY,775976783,Open,ACTIVE_OR_OPERATIONAL,6,,,,,NO,READY_WITH_COORDINATES,STAGED_REVIEW_REQUIRED,MASTER_HEALTH_FACILITY_2024_07_23,,DUPLICATE_FACILITY_CODE
28,ZW010145,Mutasa Clinic,Manicaland,Buhera,-19.356364,31.544244,RDC,CLINIC,Rural Council,RURAL_DISTRICT_COUNCIL,Rural,RURAL,Primary,PRIMARY,774930647,Open,ACTIVE_OR_OPERATIONAL,6,,,,,NO,READY_WITH_COORDINATES,STAGED_REVIEW_REQUIRED,MASTER_HEALTH_FACILITY_2024_07_23,,DUPLICATE_FACILITY_NAME
29,ZW010134,Mutepfe Clinic,Manicaland,Buhera,-19.765579,31.964419,RDC,CLINIC,Rural Council,RURAL_DISTRICT_COUNCIL,Rural,RURAL,Primary,PRIMARY,783278433,Open,ACTIVE_OR_OPERATIONAL,6,,,,,NO,READY_WITH_COORDINATES,STAGED_REVIEW_REQUIRED,MASTER_HEALTH_FACILITY_2024_07_23,,DUPLICATE_FACILITY_CODE
47,ZW0102OE,Chikukwa Rural Health Centre,Manicaland,Chimanimani,-19.712595,32.929285,RDC,CLINIC,Government,GOVERNMENT,Rural,RURAL,Primary,PRIMARY,775802089,Open,ACTIVE_OR_OPERATIONAL,5,,,,,NO,READY_WITH_COORDINATES,STAGED_REVIEW_REQUIRED,MASTER_HEALTH_FACILITY_2024_07_23,,DUPLICATE_FACILITY_CODE
50,ZW0102OE,Chimanimani rural hospital,Manicaland,Chimanimani,-19.819566,32.857557,RDC,CLINIC,CRDC,RURAL_DISTRICT_COUNCIL,Urban,URBAN,Secondary,SECONDARY,774061559,Open,ACTIVE_OR_OPERATIONAL,54,,,,,NO,READY_WITH_COORDINATES,STAGED_REVIEW_REQUIRED,MASTER_HEALTH_FACILITY_2024_07_23,,DUPLICATE_FACILITY_CODE
64,,Mhandarume,Manicaland,Chimanimani,,,,,,,,,,,,,,,,,,Latitude; Longitude; Facility Type; Ownership; Status,YES,INCOMPLETE_MISSING_COORDINATES,STAGED_REVIEW_REQUIRED,MASTER_HEALTH_FACILITY_2024_07_23,Facility Code,MISSING_REQUIRED: Facility Code
71,,Runyararo Hospital,Manicaland,Chimanimani,,,,,,,,,,,,,,,,,,Latitude; Longitude; Facility Type; Ownership; Status,YES,INCOMPLETE_MISSING_COORDINATES,STAGED_REVIEW_REQUIRED,MASTER_HEALTH_FACILITY_2024_07_23,Facility Code,MISSING_REQUIRED: Facility Code
134,ZW010492,Arnoldine Mission Clinic,Manicaland,Makoni,-18.235854,32.203052,Mission Clinic,MISSION_CLINIC,Mission,MISSION_FAITH_BASED,Rural,RURAL,Primary,PRIMARY,0786 933 476,Open,ACTIVE_OR_OPERATIONAL,,,,,,NO,READY_WITH_COORDINATES,STAGED_REVIEW_REQUIRED,MASTER_HEALTH_FACILITY_2024_07_23,,DUPLICATE_FACILITY_CODE
139,ZW010403,Chinhenga Rural Health Centre,Manicaland,Makoni,-18.036386,32.502256,RHC,RURAL_HEALTH_CENTRE,Government,GOVERNMENT,Rural,RURAL,Primary,PRIMARY,0786 933 537,Open,ACTIVE_OR_OPERATIONAL,,,,,,NO,READY_WITH_COORDINATES,STAGED_REVIEW_REQUIRED,MASTER_HEALTH_FACILITY_2024_07_23,,DUPLICATE_FACILITY_CODE
140,ZW010403,Chinyadza Clinic,Manicaland,Makoni,-18.662106,32.011125,Mission Clinic,MISSION_CLINIC,Mission,MISSION_FAITH_BASED,Rural,RURAL,Primary,PRIMARY,0786 933 585,Open,ACTIVE_OR_OPERATIONAL,,,,,,NO,READY_WITH_COORDINATES,STAGED_REVIEW_REQUIRED,MASTER_HEALTH_FACILITY_2024_07_23,,DUPLICATE_FACILITY_CODE
146,ZW010437,Dumbabwe Clinic,Manicaland,Makoni,-18.421569,32.381855,RDC,CLINIC,Rural Council,RURAL_DISTRICT_COUNCIL,Rural,RURAL,Primary,PRIMARY,0786 933 549,Open,ACTIVE_OR_OPERATIONAL,,,,,,NO,READY_WITH_COORDINATES,STAGED_REVIEW_REQUIRED,MASTER_HEALTH_FACILITY_2024_07_23,,DUPLICATE_FACILITY_CODE
147,ZW010437,Era Mine Clinic,Manicaland,Makoni,-18.236531,32.261926,RDC,CLINIC,Rural Council,RURAL_DISTRICT_COUNCIL,Rural,RURAL,Primary,PRIMARY,771351952,Open,ACTIVE_OR_OPERATIONAL,,,,,,NO,READY_WITH_COORDINATES,STAGED_REVIEW_REQUIRED,MASTER_HEALTH_FACILITY_2024_07_23,,DUPLICATE_FACILITY_CODE
158,ZW010419,Maurice Nyagumbo Clinic,Manicaland,Makoni,-18.658817,32.329498,RHC,RURAL_HEALTH_CENTRE,Government,GOVERNMENT,Rural,RURAL,Primary,PRIMARY,775876468,Open,ACTIVE_OR_OPERATIONAL,,,,,,NO,READY_WITH_COORDINATES,STAGED_REVIEW_REQUIRED,MASTER_HEALTH_FACILITY_2024_07_23,,DUPLICATE_FACILITY_CODE
164,ZW010482,Mukamba Clinic,Manicaland,Makoni,-18.866445,31.997593,RDC,CLINIC,Rural Council,RURAL_DISTRICT_COUNCIL,Rural,RURAL,Primary,PRIMARY,0718 956 645,Open,ACTIVE_OR_OPERATIONAL,,,,,,NO,READY_WITH_COORDINATES,STAGED_REVIEW_REQUIRED,MASTER_HEALTH_FACILITY_2024_07_23,,DUPLICATE_FACILITY_NAME
169,ZW010419,Nyahowe Rural Health Centre,Manicaland,Makoni,-17.92789,32.403079,RHC,RURAL_HEALTH_CENTRE,Government,GOVERNMENT,Rural,RURAL,Primary,PRIMARY,0718 956 608,Open,ACTIVE_OR_OPERATIONAL,,,,,,NO,READY_WITH_COORDINATES,STAGED_REVIEW_REQUIRED,MASTER_HEALTH_FACILITY_2024_07_23,,DUPLICATE_FACILITY_CODE
192,ZW010492,Zunhidza Clinic,Manicaland,Makoni,-18.721806,32.314367,RHC,RURAL_HEALTH_CENTRE,Government,GOVERNMENT,Rural,RURAL,Primary,PRIMARY,0718 956 611,Open,ACTIVE_OR_OPERATIONAL,,,,,,NO,READY_WITH_COORDINATES,STAGED_REVIEW_REQUIRED,MASTER_HEALTH_FACILITY_2024_07_23,,DUPLICATE_FACILITY_CODE
193,ZW010665,Aberfoyle,Manicaland,Mutasa,-18.302177,32.967059,RHC,RURAL_HEALTH_CENTRE,Private,PRIVATE,Rural,RURAL,Primary,PRIMARY,771083628,Open,ACTIVE_OR_OPERATIONAL,2,,,,,NO,READY_WITH_COORDINATES,STAGED_REVIEW_REQUIRED,MASTER_HEALTH_FACILITY_2024_07_23,,DUPLICATE_FACILITY_CODE
197,ZW010601,Chinamasa Clinic,Manicaland,Mutasa,-18.578306,32.570846,RDC,CLINIC,Rural Council,RURAL_DISTRICT_COUNCIL,Rural,RURAL,Primary,PRIMARY,0775085461,Open,ACTIVE_OR_OPERATIONAL,5,,,,,NO,READY_WITH_COORDINATES,STAGED_REVIEW_REQUIRED,MASTER_HEALTH_FACILITY_2024_07_23,,DUPLICATE_FACILITY_NAME
199,ZW010637,Dansinane,Manicaland,Mutasa,-18.745697,32.753415,RHC,RURAL_HEALTH_CENTRE,Private,PRIVATE,Rural,RURAL,Primary,PRIMARY,0773609214,Open,ACTIVE_OR_OPERATIONAL,1,,,,,NO,READY_WITH_COORDINATES,STAGED_REVIEW_REQUIRED,MASTER_HEALTH_FACILITY_2024_07_23,,DUPLICATE_FACILITY_CODE
202,ZW010664,EHPL No 5,Manicaland,Mutasa,-18.349515,32.915941,RHC,RURAL_HEALTH_CENTRE,Private,PRIVATE,Rural,RURAL,Primary,PRIMARY,783279406,Open,ACTIVE_OR_OPERATIONAL,3,,,,,NO,READY_WITH_COORDINATES,STAGED_REVIEW_REQUIRED,MASTER_HEALTH_FACILITY_2024_07_23,,DUPLICATE_FACILITY_CODE
203,ZW010669,Gatsi Mission Clinic,Manicaland,Mutasa,-18.523381,32.817801,Mission Clinic,MISSION_CLINIC,Mission,MISSION_FAITH_BASED,Rural,RURAL,Primary,PRIMARY,0773525716,Open,ACTIVE_OR_OPERATIONAL,7,,,,,NO,READY_WITH_COORDINATES,STAGED_REVIEW_REQUIRED,MASTER_HEALTH_FACILITY_2024_07_23,,DUPLICATE_FACILITY_CODE
207,ZW010665,Hauna District Hospital,Manicaland,Mutasa,-18.491014,32.846482,District Hospital,DISTRICT_HOSPITAL,Government,GOVERNMENT,Rural,RURAL,Secondary,SECONDARY,0773774078,Open,ACTIVE_OR_OPERATIONAL,58,,,,,NO,READY_WITH_COORDINATES,STAGED_REVIEW_REQUIRED,MASTER_HEALTH_FACILITY_2024_07_23,,DUPLICATE_FACILITY_CODE
213,ZW010668,Kubatana health post,Manicaland,Mutasa,-18.833323,32.674036,RHC,RURAL_HEALTH_CENTRE,Mission,MISSION_FAITH_BASED,Rural,RURAL,Primary,PRIMARY,784203497,Open,ACTIVE_OR_OPERATIONAL,2,,,,,NO,READY_WITH_COORDINATES,STAGED_REVIEW_REQUIRED,MASTER_HEALTH_FACILITY_2024_07_23,,DUPLICATE_FACILITY_CODE
214,,Magadzire health post,Manicaland,Mutasa,,,,,,,,,,,,,,,,,,Latitude; Longitude; Facility Type; Ownership; Status,YES,INCOMPLETE_MISSING_COORDINATES,STAGED_REVIEW_REQUIRED,MASTER_HEALTH_FACILITY_2024_07_23,Facility Code,MISSING_REQUIRED: Facility Code
215,ZW010667,Mandeya II Clinic,Manicaland,Mutasa,-18.410361,32.969211,RDC,CLINIC,Rural Council,RURAL_DISTRICT_COUNCIL,Rural,RURAL,Primary,PRIMARY,0783279400,Open,ACTIVE_OR_OPERATIONAL,5,,,,,NO,READY_WITH_COORDINATES,STAGED_REVIEW_REQUIRED,MASTER_HEALTH_FACILITY_2024_07_23,,DUPLICATE_FACILITY_CODE
219,ZW010669,Mtarazi,Manicaland,Mutasa,-18.499077,32.694664,RHC,RURAL_HEALTH_CENTRE,Private,PRIVATE,Rural,RURAL,Primary,PRIMARY,771620927,Open,ACTIVE_OR_OPERATIONAL,1,,,,,NO,READY_WITH_COORDINATES,STAGED_REVIEW_REQUIRED,MASTER_HEALTH_FACILITY_2024_07_23,,DUPLICATE_FACILITY_CODE
220,ZW010630,Mutasa Clinic,Manicaland,Mutasa,-18.545563,32.645752,RDC,CLINIC,Rural Council,RURAL_DISTRICT_COUNCIL,Rural,RURAL,Primary,PRIMARY,0777591657,Open,ACTIVE_OR_OPERATIONAL,4,,,,,NO,READY_WITH_COORDINATES,STAGED_REVIEW_REQUIRED,MASTER_HEALTH_FACILITY_2024_07_23,,DUPLICATE_FACILITY_NAME
229,ZW010637,Sadziwa Clinic,Manicaland,Mutasa,-18.503649,32.559143,RDC,CLINIC,Rural Council,RURAL_DISTRICT_COUNCIL,Rural,RURAL,Primary,PRIMARY,0718956467,Open,ACTIVE_OR_OPERATIONAL,4,,,,,NO,READY_WITH_COORDINATES,STAGED_REVIEW_REQUIRED,MASTER_HEALTH_FACILITY_2024_07_23,,DUPLICATE_FACILITY_CODE
235,ZW010668,Selbourne/Nyanga Pine Clinic,Manicaland,Mutasa,,,Private Clinic,PRIVATE_CLINIC,Private,PRIVATE,Rural,RURAL,Primary,PRIMARY,0773609214,Open,ACTIVE_OR_OPERATIONAL,6,,,,Latitude; Longitude,YES,INCOMPLETE_MISSING_COORDINATES,STAGED_REVIEW_REQUIRED,MASTER_HEALTH_FACILITY_2024_07_23,,DUPLICATE_FACILITY_CODE
241,ZW010666,Triashill Mission Hospital,Manicaland,Mutasa,-18.393342,32.472376,Mission Hospital,MISSION_HOSPITAL,Mission,MISSION_FAITH_BASED,Rural,RURAL,Primary,PRIMARY,0718956792,Open,ACTIVE_OR_OPERATIONAL,50,,,,,NO,READY_WITH_COORDINATES,STAGED_REVIEW_REQUIRED,MASTER_HEALTH_FACILITY_2024_07_23,,DUPLICATE_FACILITY_CODE
265,ZW010666,Fern Valley Clinic,Manicaland,Mutare,-19.037964,32.648946,Clinic,CLINIC,Town/City Council,LOCAL_AUTHORITY,Urban,URBAN,Primary,PRIMARY,783279379,Open,ACTIVE_OR_OPERATIONAL,,,,,,NO,READY_WITH_COORDINATES,STAGED_REVIEW_REQUIRED,MASTER_HEALTH_FACILITY_2024_07_23,,DUPLICATE_FACILITY_CODE
266,ZW010665,Florida Clinic,Manicaland,Mutare,-18.962536,32.647402,Clinic,CLINIC,Town/City Council,LOCAL_AUTHORITY,Urban,URBAN,Primary,PRIMARY,61240,Open,ACTIVE_OR_OPERATIONAL,,,,,,NO,READY_WITH_COORDINATES,STAGED_REVIEW_REQUIRED,MASTER_HEALTH_FACILITY_2024_07_23,,DUPLICATE_FACILITY_CODE
283,,Murowa Rural Health Centre,Manicaland,Mutare,,,,,,,,,,,,,,,,,,Latitude; Longitude; Facility Type; Ownership; Status,YES,INCOMPLETE_MISSING_COORDINATES,STAGED_REVIEW_REQUIRED,MASTER_HEALTH_FACILITY_2024_07_23,Facility Code,MISSING_REQUIRED: Facility Code
288,ZW010667,Mutare ZNFPC clinic,Manicaland,Mutare City,,,Private Clinic,PRIVATE_CLINIC,Parastatal,PARASTATAL,Urban,URBAN,Primary,PRIMARY,719336355,Open,ACTIVE_OR_OPERATIONAL,,,,,Latitude; Longitude,YES,INCOMPLETE_MISSING_COORDINATES,STAGED_REVIEW_REQUIRED,MASTER_HEALTH_FACILITY_2024_07_23,,DUPLICATE_FACILITY_CODE
293,ZW010538,Odzi Clinic,Manicaland,Mutare,-18.96406,32.389054,RDC,CLINIC,Rural Council,RURAL_DISTRICT_COUNCIL,Rural,RURAL,Primary,PRIMARY,0777992460,Open,ACTIVE_OR_OPERATIONAL,7,,,,,NO,READY_WITH_COORDINATES,STAGED_REVIEW_REQUIRED,MASTER_HEALTH_FACILITY_2024_07_23,,DUPLICATE_FACILITY_NAME
295,ZW010664,Sakubva Clinic,Manicaland,Mutare City,-18.899173,32.480919,Clinic,CLINIC,Town/City Council,LOCAL_AUTHORITY,Urban,URBAN,Primary,PRIMARY,60845,Open,ACTIVE_OR_OPERATIONAL,20,,,,,NO,READY_WITH_COORDINATES,STAGED_REVIEW_REQUIRED,MASTER_HEALTH_FACILITY_2024_07_23,,DUPLICATE_FACILITY_CODE
301,ZW010515,Vumba Clinic,Manicaland,Mutare,-19.042149,32.813447,RHC,RURAL_HEALTH_CENTRE,Private,PRIVATE,Rural,RURAL,Primary,PRIMARY,0775065048,Open,ACTIVE_OR_OPERATIONAL,7,,,,,NO,READY_WITH_COORDINATES,STAGED_REVIEW_REQUIRED,MASTER_HEALTH_FACILITY_2024_07_23,,DUPLICATE_FACILITY_NAME
310,,Dazi,Manicaland,Nyanga,,,,,,,,,,,,,,,,,,Latitude; Longitude; Facility Type; Ownership; Status,YES,INCOMPLETE_MISSING_COORDINATES,STAGED_REVIEW_REQUIRED,MASTER_HEALTH_FACILITY_2024_07_23,Facility Code,MISSING_REQUIRED: Facility Code
318,ZW010734,Mapako Clinic,Manicaland,Nyanga,-18.065874,32.600109,RDC,CLINIC,Rural Council,RURAL_DISTRICT_COUNCIL,Rural,RURAL,Primary,PRIMARY,,Open,ACTIVE_OR_OPERATIONAL,,,,,,NO,READY_WITH_COORDINATES,STAGED_REVIEW_REQUIRED,MASTER_HEALTH_FACILITY_2024_07_23,,DUPLICATE_FACILITY_CODE
321,ZW010734,Mukunza Clinic,Manicaland,Nyanga,-17.480077,32.891546,RHC,RURAL_HEALTH_CENTRE,Rural Council,RURAL_DISTRICT_COUNCIL,Rural,RURAL,Primary,PRIMARY,773010449,Open,ACTIVE_OR_OPERATIONAL,,,,,,NO,READY_WITH_COORDINATES,STAGED_REVIEW_REQUIRED,MASTER_HEALTH_FACILITY_2024_07_23,,DUPLICATE_FACILITY_CODE
322,ZW010733,Munemo clinic,Manicaland,Nyanga,-17.649303,32.860689,RHC,RURAL_HEALTH_CENTRE,Rural Council,RURAL_DISTRICT_COUNCIL,Rural,RURAL,Primary,PRIMARY,773928900,Open,ACTIVE_OR_OPERATIONAL,,,,,,NO,READY_WITH_COORDINATES,STAGED_REVIEW_REQUIRED,MASTER_HEALTH_FACILITY_2024_07_23,,DUPLICATE_FACILITY_NAME
328,,Nyamombe Camp Rural Health Centre,Manicaland,Nyanga,,,,,,,,,,,,,,,,,,Latitude; Longitude; Facility Type; Ownership; Status,YES,INCOMPLETE_MISSING_COORDINATES,STAGED_REVIEW_REQUIRED,MASTER_HEALTH_FACILITY_2024_07_23,Facility Code,MISSING_REQUIRED: Facility Code
330,,Nyanguai Clinic,Manicaland,Nyanga,,,,,,,,,,,,,,,,,,Latitude; Longitude; Facility Type; Ownership; Status,YES,INCOMPLETE_MISSING_COORDINATES,STAGED_REVIEW_REQUIRED,MASTER_HEALTH_FACILITY_2024_07_23,Facility Code,MISSING_REQUIRED: Facility Code
331,,Nyangui Clinic,Manicaland,Nyanga,,,,,,,,,,,,,,,,,,Latitude; Longitude; Facility Type; Ownership; Status,YES,INCOMPLETE_MISSING_COORDINATES,STAGED_REVIEW_REQUIRED,MASTER_HEALTH_FACILITY_2024_07_23,Facility Code,MISSING_REQUIRED: Facility Code
340,,Arcadia Clinic,Harare,Southern,-17.8468,31.0546,RHC,RURAL_HEALTH_CENTRE,Town/City Council,LOCAL_AUTHORITY,Urban,URBAN,Primary,PRIMARY,0777608808,Open,ACTIVE_OR_OPERATIONAL,,,,,,NO,READY_WITH_COORDINATES,STAGED_REVIEW_REQUIRED,MASTER_HEALTH_FACILITY_2024_07_23,Facility Code,MISSING_REQUIRED: Facility Code
343,,Avondale Clinic,Harare,Northern,-17.7883,31.0291,RHC,RURAL_HEALTH_CENTRE,Town/City Council,LOCAL_AUTHORITY,Urban,URBAN,Primary,PRIMARY,0772805463,Open,ACTIVE_OR_OPERATIONAL,,,,,,NO,READY_WITH_COORDINATES,STAGED_REVIEW_REQUIRED,MASTER_HEALTH_FACILITY_2024_07_23,Facility Code,MISSING_REQUIRED: Facility Code
346,,Belvedere Satellite Clinic,Harare,Northern,-17.859387,31.029269,General Hospital,HOSPITAL_REQUIRES_LEVEL_REVIEW,Government,GOVERNMENT,Urban,URBAN,Tertiary,TERTIARY,0775015624,Open,ACTIVE_OR_OPERATIONAL,,,,,,NO,READY_WITH_COORDINATES,STAGED_REVIEW_REQUIRED,MASTER_HEALTH_FACILITY_2024_07_23,Facility Code,MISSING_REQUIRED: Facility Code
352,ZW010A0R,Chitubu Glen Norah Family Med Centre,Harare,Western,,,RHC,RURAL_HEALTH_CENTRE,Town/City Council,LOCAL_AUTHORITY,Urban,URBAN,Primary,PRIMARY,779902688,Open,ACTIVE_OR_OPERATIONAL,,,,,Latitude; Longitude,YES,INCOMPLETE_MISSING_COORDINATES,STAGED_REVIEW_REQUIRED,MASTER_HEALTH_FACILITY_2024_07_23,,DUPLICATE_FACILITY_CODE
353,,Chitungwiza Central Hospital,Harare,Chitungwiza,-17.8365458,30.965789,Private,PRIVATE,private,PRIVATE,Urban,URBAN,Primary,PRIMARY,779902658,Open,ACTIVE_OR_OPERATIONAL,,,,,,NO,READY_WITH_COORDINATES,STAGED_REVIEW_REQUIRED,MASTER_HEALTH_FACILITY_2024_07_23,Facility Code,MISSING_REQUIRED: Facility Code
358,,Dunameon,Harare,Southern,-17.8419126,30.9582286,Private,PRIVATE,private,PRIVATE,Urban,URBAN,Primary,PRIMARY,,Open,ACTIVE_OR_OPERATIONAL,,,,,,NO,READY_WITH_COORDINATES,STAGED_REVIEW_REQUIRED,MASTER_HEALTH_FACILITY_2024_07_23,Facility Code,MISSING_REQUIRED: Facility Code
360,,Fife Avenue Clinic,Harare,Southern,-17.8256,31.0861,RHC,RURAL_HEALTH_CENTRE,Town/City Council,LOCAL_AUTHORITY,Urban,URBAN,Primary,PRIMARY,,Open,ACTIVE_OR_OPERATIONAL,,,,,,NO,READY_WITH_COORDINATES,STAGED_REVIEW_REQUIRED,MASTER_HEALTH_FACILITY_2024_07_23,Facility Code,MISSING_REQUIRED: Facility Code
361,ZW010A0R,Glen Norah Medical Centre,Harare,Western,-17.8195768,31.0299183,RHC,RURAL_HEALTH_CENTRE,Town/City Council,LOCAL_AUTHORITY,Urban,URBAN,Primary,PRIMARY,,Open,ACTIVE_OR_OPERATIONAL,,,,,,NO,READY_WITH_COORDINATES,STAGED_REVIEW_REQUIRED,MASTER_HEALTH_FACILITY_2024_07_23,,DUPLICATE_FACILITY_CODE
369,,Harare City Private Institutions,Harare,Southern,,,RHC,RURAL_HEALTH_CENTRE,Town/City Council,LOCAL_AUTHORITY,Urban,URBAN,Primary,PRIMARY,,Open,ACTIVE_OR_OPERATIONAL,,,,,Latitude; Longitude,YES,INCOMPLETE_MISSING_COORDINATES,STAGED_REVIEW_REQUIRED,MASTER_HEALTH_FACILITY_2024_07_23,Facility Code,MISSING_REQUIRED: Facility Code
370,,Harare Institute of Technology,Harare,Southern,,,RHC,RURAL_HEALTH_CENTRE,Town/City Council,LOCAL_AUTHORITY,Urban,URBAN,Primary,PRIMARY,779877705,Open,ACTIVE_OR_OPERATIONAL,,,,,Latitude; Longitude,YES,INCOMPLETE_MISSING_COORDINATES,STAGED_REVIEW_REQUIRED,MASTER_HEALTH_FACILITY_2024_07_23,Facility Code,MISSING_REQUIRED: Facility Code
372,,Hatcliffe PolyClinic,Harare,Eastern,-17.8276697,31.0363398,RHC,RURAL_HEALTH_CENTRE,Town/City Council,LOCAL_AUTHORITY,Urban,URBAN,Primary,PRIMARY,,Open,ACTIVE_OR_OPERATIONAL,,,,,,NO,READY_WITH_COORDINATES,STAGED_REVIEW_REQUIRED,MASTER_HEALTH_FACILITY_2024_07_23,Facility Code,MISSING_REQUIRED: Facility Code
373,,Hatfield Clinic,Harare,Southern,-17.8105,31.1291,RHC,RURAL_HEALTH_CENTRE,Town/City Council,LOCAL_AUTHORITY,Urban,URBAN,Primary,PRIMARY,,Open,ACTIVE_OR_OPERATIONAL,,,,,,NO,READY_WITH_COORDINATES,STAGED_REVIEW_REQUIRED,MASTER_HEALTH_FACILITY_2024_07_23,Facility Code,MISSING_REQUIRED: Facility Code
387,,Manyame Airbase Hospital,Harare,Eastern,-17.945556,31.1059279,General Hospital,HOSPITAL_REQUIRES_LEVEL_REVIEW,ZNA,UNIFORMED_SERVICE,Urban,URBAN,secondary,SECONDARY,,Open,ACTIVE_OR_OPERATIONAL,,,,,,NO,READY_WITH_COORDINATES,STAGED_REVIEW_REQUIRED,MASTER_HEALTH_FACILITY_2024_07_23,Facility Code,MISSING_REQUIRED: Facility Code
388,,Marlborough Satellite Clinic,Harare,Northern,-17.7565991,30.9959239,RHC,RURAL_HEALTH_CENTRE,Town/City Council,LOCAL_AUTHORITY,Urban,URBAN,Primary,PRIMARY,,Open,ACTIVE_OR_OPERATIONAL,,,,,,NO,READY_WITH_COORDINATES,STAGED_REVIEW_REQUIRED,MASTER_HEALTH_FACILITY_2024_07_23,Facility Code,MISSING_REQUIRED: Facility Code
400,,Newlands Clinic,Harare,Eastern,-17.8073171,31.0761678,RHC,RURAL_HEALTH_CENTRE,Town/City Council,LOCAL_AUTHORITY,Urban,URBAN,Primary,PRIMARY,779902805,Open,ACTIVE_OR_OPERATIONAL,,,,,,NO,READY_WITH_COORDINATES,STAGED_REVIEW_REQUIRED,MASTER_HEALTH_FACILITY_2024_07_23,Facility Code,MISSING_REQUIRED: Facility Code
405,,Prospect Palms,Harare,Southern,-17.881022,31.0482501,Private,PRIVATE,private,PRIVATE,Urban,URBAN,Primary,PRIMARY,779902701,Open,ACTIVE_OR_OPERATIONAL,,,,,,NO,READY_WITH_COORDINATES,STAGED_REVIEW_REQUIRED,MASTER_HEALTH_FACILITY_2024_07_23,Facility Code,MISSING_REQUIRED: Facility Code
406,,"PSI New start Centre, Kwame",Harare,Southern,-17.7940913,31.019006,Private,PRIVATE,private,PRIVATE,Urban,URBAN,Primary,PRIMARY,,Open,ACTIVE_OR_OPERATIONAL,,,,,,NO,READY_WITH_COORDINATES,STAGED_REVIEW_REQUIRED,MASTER_HEALTH_FACILITY_2024_07_23,Facility Code,MISSING_REQUIRED: Facility Code
409,,Roland Square clinic,Harare,Southern,-17.8165598,31.032208,Private,PRIVATE,private,PRIVATE,Urban,URBAN,Primary,PRIMARY,,Open,ACTIVE_OR_OPERATIONAL,,,,,,NO,READY_WITH_COORDINATES,STAGED_REVIEW_REQUIRED,MASTER_HEALTH_FACILITY_2024_07_23,Facility Code,MISSING_REQUIRED: Facility Code
412,,Sally Mugabe Central Hospital,Harare,Harare,,,Central Hospital,CENTRAL_HOSPITAL,Government,GOVERNMENT,Urban,URBAN,Quaternary,QUATERNARY,772806020,Open,ACTIVE_OR_OPERATIONAL,,,,,Latitude; Longitude,YES,INCOMPLETE_MISSING_COORDINATES,STAGED_REVIEW_REQUIRED,MASTER_HEALTH_FACILITY_2024_07_23,Facility Code,MISSING_REQUIRED: Facility Code
425,,University of Zimbabwe,Harare,Eastern,-17.7856246,31.0574943,RHC,RURAL_HEALTH_CENTRE,Town/City Council,LOCAL_AUTHORITY,Urban,URBAN,Primary,PRIMARY,,Open,ACTIVE_OR_OPERATIONAL,,,,,,NO,READY_WITH_COORDINATES,STAGED_REVIEW_REQUIRED,MASTER_HEALTH_FACILITY_2024_07_23,Facility Code,MISSING_REQUIRED: Facility Code
427,,Vee’s Health Centre,Harare,Western,-17.8951424,30.8293579,Private,PRIVATE,private,PRIVATE,Urban,URBAN,Primary,PRIMARY,779902569,Open,ACTIVE_OR_OPERATIONAL,,,,,,NO,READY_WITH_COORDINATES,STAGED_REVIEW_REQUIRED,MASTER_HEALTH_FACILITY_2024_07_23,Facility Code,MISSING_REQUIRED: Facility Code
442,ZW010A48,ZPS Harare Central Kentuky Prison Clinic,Harare,Eastern,-17.8018401,31.1664853,RHC,RURAL_HEALTH_CENTRE,ZPS,ZIMBABWE_PRISONS_AND_CORRECTIONAL_SERVICE,Urban,URBAN,Primary,PRIMARY,,Open,ACTIVE_OR_OPERATIONAL,,,,,,NO,READY_WITH_COORDINATES,STAGED_REVIEW_REQUIRED,MASTER_HEALTH_FACILITY_2024_07_23,,DUPLICATE_FACILITY_CODE
444,ZW010A48,ZPS Harare Central Prison Hospital,Harare,Eastern,-17.8127,31.0688,General Hospital,HOSPITAL_REQUIRES_LEVEL_REVIEW,ZPS,ZIMBABWE_PRISONS_AND_CORRECTIONAL_SERVICE,Urban,URBAN,secondary,SECONDARY,779902797,Open,ACTIVE_OR_OPERATIONAL,,,,,,NO,READY_WITH_COORDINATES,STAGED_REVIEW_REQUIRED,MASTER_HEALTH_FACILITY_2024_07_23,,DUPLICATE_FACILITY_CODE
451,,Chegutu CBDS Clinic,Mashonaland West,Chegutu,,,,,,,,,,,,Open,ACTIVE_OR_OPERATIONAL,,,,,Latitude; Longitude; Facility Type; Ownership,YES,INCOMPLETE_MISSING_COORDINATES,STAGED_REVIEW_REQUIRED,MASTER_HEALTH_FACILITY_2024_07_23,Facility Code,MISSING_REQUIRED: Facility Code
454,,Chibero Rural Health Centre,Mashonaland West,Chegutu,,,,,,,,,,,,Open,ACTIVE_OR_OPERATIONAL,,,,,Latitude; Longitude; Facility Type; Ownership,YES,INCOMPLETE_MISSING_COORDINATES,STAGED_REVIEW_REQUIRED,MASTER_HEALTH_FACILITY_2024_07_23,Facility Code,MISSING_REQUIRED: Facility Code
461,,Dudley Hall Clinic,Mashonaland West,Chegutu,,,,,,,,,,,,Open,ACTIVE_OR_OPERATIONAL,,,,,Latitude; Longitude; Facility Type; Ownership,YES,INCOMPLETE_MISSING_COORDINATES,STAGED_REVIEW_REQUIRED,MASTER_HEALTH_FACILITY_2024_07_23,Facility Code,MISSING_REQUIRED: Facility Code
462,,Fanham Clinic,Mashonaland West,Chegutu,,,,,,,,,,,,Open,ACTIVE_OR_OPERATIONAL,,,,,Latitude; Longitude; Facility Type; Ownership,YES,INCOMPLETE_MISSING_COORDINATES,STAGED_REVIEW_REQUIRED,MASTER_HEALTH_FACILITY_2024_07_23,Facility Code,MISSING_REQUIRED: Facility Code
466,,Hunyani Pulp Clinic,Mashonaland West,Chegutu,,,,,,,,,,,,Open,ACTIVE_OR_OPERATIONAL,,,,,Latitude; Longitude; Facility Type; Ownership,YES,INCOMPLETE_MISSING_COORDINATES,STAGED_REVIEW_REQUIRED,MASTER_HEALTH_FACILITY_2024_07_23,Facility Code,MISSING_REQUIRED: Facility Code
467,,Jason Ziyapapa Moyo Air Base Hospital,Mashonaland West,Chegutu,,,,,,,,,,,,Open,ACTIVE_OR_OPERATIONAL,,,,,Latitude; Longitude; Facility Type; Ownership,YES,INCOMPLETE_MISSING_COORDINATES,STAGED_REVIEW_REQUIRED,MASTER_HEALTH_FACILITY_2024_07_23,Facility Code,MISSING_REQUIRED: Facility Code
468,,JZ Moyo Airbase Clinic,Mashonaland West,Chegutu,,,,,,,,,,,,Open,ACTIVE_OR_OPERATIONAL,,,,,Latitude; Longitude; Facility Type; Ownership,YES,INCOMPLETE_MISSING_COORDINATES,STAGED_REVIEW_REQUIRED,MASTER_HEALTH_FACILITY_2024_07_23,Facility Code,MISSING_REQUIRED: Facility Code
470,,Kent Estate Clinic,Mashonaland West,Chegutu,,,,,,,,,,,,Open,ACTIVE_OR_OPERATIONAL,,,,,Latitude; Longitude; Facility Type; Ownership,YES,INCOMPLETE_MISSING_COORDINATES,STAGED_REVIEW_REQUIRED,MASTER_HEALTH_FACILITY_2024_07_23,Facility Code,MISSING_REQUIRED: Facility Code
477,ZW040192,Munemo clinic,Mashonaland West,Chegutu,-18.336197,30.408129,RHC,RURAL_HEALTH_CENTRE,Rural Council,RURAL_DISTRICT_COUNCIL,Rural,RURAL,Primary,PRIMARY,0772124717,Open,ACTIVE_OR_OPERATIONAL,60,,,,,NO,READY_WITH_COORDINATES,STAGED_REVIEW_REQUIRED,MASTER_HEALTH_FACILITY_2024_07_23,,DUPLICATE_FACILITY_NAME
480,ZW0140109,Mupfure Clinic,Mashonaland West,Chegutu,-18.098342,30.202425,RDC,CLINIC,Rural Council,RURAL_DISTRICT_COUNCIL,Peri-Urban,PERI_URBAN,Primary,PRIMARY,0773459882,Open,ACTIVE_OR_OPERATIONAL,2,,,,,NO,READY_WITH_COORDINATES,STAGED_REVIEW_REQUIRED,MASTER_HEALTH_FACILITY_2024_07_23,,DUPLICATE_FACILITY_NAME
487,ZW014148,Sandringham Clinic,Mashonaland West,Chegutu,-18.08361,30.6616706848,RDC,CLINIC,Rural Council,RURAL_DISTRICT_COUNCIL,Rural,RURAL,Primary,PRIMARY,0786908856,Open,ACTIVE_OR_OPERATIONAL,7,,,,,NO,READY_WITH_COORDINATES,STAGED_REVIEW_REQUIRED,MASTER_HEALTH_FACILITY_2024_07_23,,DUPLICATE_FACILITY_NAME
527,ZW014236,Nyama clinic,Mashonaland West,Hurungwe,-16.740002,29.767242,RDC,CLINIC,Rural Council,RURAL_DISTRICT_COUNCIL,Rural,RURAL,Primary,PRIMARY,777474806,Open,ACTIVE_OR_OPERATIONAL,15,,,,,NO,READY_WITH_COORDINATES,STAGED_REVIEW_REQUIRED,MASTER_HEALTH_FACILITY_2024_07_23,,DUPLICATE_FACILITY_NAME
537,,Caribea Bay Private Clinic,Mashonaland West,Kariba,,,,,,,,,,,,closed,CLOSED,,,,,Latitude; Longitude; Facility Type; Ownership,YES,INCOMPLETE_MISSING_COORDINATES,STAGED_REVIEW_REQUIRED,MASTER_HEALTH_FACILITY_2024_07_23,Facility Code,MISSING_REQUIRED: Facility Code
558,ZW014401,Chinhoyi ZRP Clinic,Mashonaland West,Makonde,-17.35684,30.17167,RHC,RURAL_HEALTH_CENTRE,ZRP,ZIMBABWE_REPUBLIC_POLICE,Urban,URBAN,Primary,PRIMARY,772694425,Open,ACTIVE_OR_OPERATIONAL,3,,,,,NO,READY_WITH_COORDINATES,STAGED_REVIEW_REQUIRED,MASTER_HEALTH_FACILITY_2024_07_23,,DUPLICATE_FACILITY_CODE
575,,Makonde CBDS Clinic,Mashonaland West,Makonde,,,,,,,,,,,,Open,ACTIVE_OR_OPERATIONAL,,,,,Latitude; Longitude; Facility Type; Ownership,YES,INCOMPLETE_MISSING_COORDINATES,STAGED_REVIEW_REQUIRED,MASTER_HEALTH_FACILITY_2024_07_23,Facility Code,MISSING_REQUIRED: Facility Code
577,,Makonde ZNFPC clinic,Mashonaland West,Makonde,-17.8524917,31.0194088,RDC,CLINIC,Private,PRIVATE,Urban,URBAN,Primary,PRIMARY,773398150,Open,ACTIVE_OR_OPERATIONAL,8,,,,,NO,READY_WITH_COORDINATES,STAGED_REVIEW_REQUIRED,MASTER_HEALTH_FACILITY_2024_07_23,Facility Code,MISSING_REQUIRED: Facility Code
589,,PSZ Private Clinic,Mashonaland West,Makonde,,,,,,,,,,,,Open,ACTIVE_OR_OPERATIONAL,,,,,Latitude; Longitude; Facility Type; Ownership,YES,INCOMPLETE_MISSING_COORDINATES,STAGED_REVIEW_REQUIRED,MASTER_HEALTH_FACILITY_2024_07_23,Facility Code,MISSING_REQUIRED: Facility Code
597,ZW014401,ZPS Chinhoyi Prison Clinic,Mashonaland West,Makonde,-17.36109,30.19744,RHC,RURAL_HEALTH_CENTRE,ZPS,ZIMBABWE_PRISONS_AND_CORRECTIONAL_SERVICE,Urban,URBAN,Primary,PRIMARY,772954280,Open,ACTIVE_OR_OPERATIONAL,0,,,,,NO,READY_WITH_COORDINATES,STAGED_REVIEW_REQUIRED,MASTER_HEALTH_FACILITY_2024_07_23,,DUPLICATE_FACILITY_CODE
600,ZW0140527,Battlefields 5 Brigade Army Clinic,Mashonaland West,Mhondoro,-18.6063808,29.8203814,RHC,RURAL_HEALTH_CENTRE,ZNA,UNIFORMED_SERVICE,Rural,RURAL,Primary,PRIMARY,712755734,Open,ACTIVE_OR_OPERATIONAL,4,,,,,NO,READY_WITH_COORDINATES,STAGED_REVIEW_REQUIRED,MASTER_HEALTH_FACILITY_2024_07_23,,DUPLICATE_FACILITY_CODE
603,ZW0140527,Cuba RDC Clinic,Mashonaland West,Mhondoro,-18.4701853,30.6970969,RDC,CLINIC,Rural Council,RURAL_DISTRICT_COUNCIL,Rural,RURAL,Primary,PRIMARY,773585313,Open,ACTIVE_OR_OPERATIONAL,4,,,,,NO,READY_WITH_COORDINATES,STAGED_REVIEW_REQUIRED,MASTER_HEALTH_FACILITY_2024_07_23,,DUPLICATE_FACILITY_CODE
620,,Balm of Hope Private Hospital,Mashonaland West,Sanyati,,,,,,,,,,,,Open,ACTIVE_OR_OPERATIONAL,,,,,Latitude; Longitude; Facility Type; Ownership,YES,INCOMPLETE_MISSING_COORDINATES,STAGED_REVIEW_REQUIRED,MASTER_HEALTH_FACILITY_2024_07_23,Facility Code,MISSING_REQUIRED: Facility Code
656,,Crest Breeders Private Clinic,Mashonaland West,Zvimba,,,,,,,,,,,,Open,ACTIVE_OR_OPERATIONAL,,,,,Latitude; Longitude; Facility Type; Ownership,YES,INCOMPLETE_MISSING_COORDINATES,STAGED_REVIEW_REQUIRED,MASTER_HEALTH_FACILITY_2024_07_23,Facility Code,MISSING_REQUIRED: Facility Code
662,,Inamo Farming Clinic,Mashonaland West,Zvimba,,,,,,,,,,,,Open,ACTIVE_OR_OPERATIONAL,,,,,Latitude; Longitude; Facility Type; Ownership,YES,INCOMPLETE_MISSING_COORDINATES,STAGED_REVIEW_REQUIRED,MASTER_HEALTH_FACILITY_2024_07_23,Facility Code,MISSING_REQUIRED: Facility Code
678,,Paradise Clinic,Mashonaland West,Zvimba,,,,,,,,,,,,Open,ACTIVE_OR_OPERATIONAL,,,,,Latitude; Longitude; Facility Type; Ownership,YES,INCOMPLETE_MISSING_COORDINATES,STAGED_REVIEW_REQUIRED,MASTER_HEALTH_FACILITY_2024_07_23,Facility Code,MISSING_REQUIRED: Facility Code
681,,Rasper RDC Clinic,Mashonaland West,Zvimba,,,,,,,,,,,,Open,ACTIVE_OR_OPERATIONAL,,,,,Latitude; Longitude; Facility Type; Ownership,YES,INCOMPLETE_MISSING_COORDINATES,STAGED_REVIEW_REQUIRED,MASTER_HEALTH_FACILITY_2024_07_23,Facility Code,MISSING_REQUIRED: Facility Code
682,,Stapleford Clinic,Mashonaland West,Zvimba,,,,,,,,,,,,Open,ACTIVE_OR_OPERATIONAL,,,,,Latitude; Longitude; Facility Type; Ownership,YES,INCOMPLETE_MISSING_COORDINATES,STAGED_REVIEW_REQUIRED,MASTER_HEALTH_FACILITY_2024_07_23,Facility Code,MISSING_REQUIRED: Facility Code
690,,ZPS Banket Prison Clinic,Mashonaland West,Zvimba,,,,,,,,,,,,Open,ACTIVE_OR_OPERATIONAL,,,,,Latitude; Longitude; Facility Type; Ownership,YES,INCOMPLETE_MISSING_COORDINATES,STAGED_REVIEW_REQUIRED,MASTER_HEALTH_FACILITY_2024_07_23,Facility Code,MISSING_REQUIRED: Facility Code
692,,Zvimba ZNFPC Clinic,Mashonaland West,Zvimba,,,,,,,,,,,,Open,ACTIVE_OR_OPERATIONAL,,,,,Latitude; Longitude; Facility Type; Ownership,YES,INCOMPLETE_MISSING_COORDINATES,STAGED_REVIEW_REQUIRED,MASTER_HEALTH_FACILITY_2024_07_23,Facility Code,MISSING_REQUIRED: Facility Code
699,ZW050101,Chunga Rural Health Centre,Matabeleland North,Binga,-17.186518,28.074821,RHC,RURAL_HEALTH_CENTRE,Government,GOVERNMENT,Rural,RURAL,Primary,PRIMARY,713996611,Open,ACTIVE_OR_OPERATIONAL,,,,,,NO,READY_WITH_COORDINATES,STAGED_REVIEW_REQUIRED,MASTER_HEALTH_FACILITY_2024_07_23,,DUPLICATE_FACILITY_CODE
701,ZW050102,Lubimbi Rural Health Centre,Matabeleland North,Binga,-18.450848,27.332845,RHC,RURAL_HEALTH_CENTRE,Government,GOVERNMENT,Rural,RURAL,Primary,PRIMARY,777834121,Open,ACTIVE_OR_OPERATIONAL,,,,,,NO,READY_WITH_COORDINATES,STAGED_REVIEW_REQUIRED,MASTER_HEALTH_FACILITY_2024_07_23,,DUPLICATE_FACILITY_CODE
703,ZW050102,Malaliya Clinic,Matabeleland North,Binga,,,RDC,CLINIC,Rural Council,RURAL_DISTRICT_COUNCIL,Rural,RURAL,Primary,PRIMARY,716908546,Open,ACTIVE_OR_OPERATIONAL,,,,,Latitude; Longitude,YES,INCOMPLETE_MISSING_COORDINATES,STAGED_REVIEW_REQUIRED,MASTER_HEALTH_FACILITY_2024_07_23,,DUPLICATE_FACILITY_CODE
712,ZW050101,Sinamunsanga Clinic,Matabeleland North,Binga,,,RDC,CLINIC,Rural Council,RURAL_DISTRICT_COUNCIL,Rural,RURAL,Primary,PRIMARY,718062983,Open,ACTIVE_OR_OPERATIONAL,,,,,Latitude; Longitude,YES,INCOMPLETE_MISSING_COORDINATES,STAGED_REVIEW_REQUIRED,MASTER_HEALTH_FACILITY_2024_07_23,,DUPLICATE_FACILITY_CODE
838,,mn 1 Referral Hospital,Matabeleland North,Umguza,,,Hospital,HOSPITAL_REQUIRES_LEVEL_REVIEW,ZDF,UNIFORMED_SERVICE,,,Secondary,SECONDARY,,Open,ACTIVE_OR_OPERATIONAL,,,,,Latitude; Longitude,YES,INCOMPLETE_MISSING_COORDINATES,STAGED_REVIEW_REQUIRED,MASTER_HEALTH_FACILITY_2024_07_23,Facility Code,MISSING_REQUIRED: Facility Code
844,ZW050731,Maboleni Clinic,Matabeleland North,Umguza,-19.781702,28.160073,RDC,CLINIC,Rural Council,RURAL_DISTRICT_COUNCIL,Rural,RURAL,Primary,PRIMARY,772457911,Open,ACTIVE_OR_OPERATIONAL,,,,,,NO,READY_WITH_COORDINATES,STAGED_REVIEW_REQUIRED,MASTER_HEALTH_FACILITY_2024_07_23,,DUPLICATE_FACILITY_NAME
846,ZW050754,Ntabazinduna Clinic,Matabeleland North,Umguza,,,RDC,CLINIC,Rural Council,RURAL_DISTRICT_COUNCIL,Rural,RURAL,Primary,PRIMARY,776890421,Open,ACTIVE_OR_OPERATIONAL,,,,,Latitude; Longitude,YES,INCOMPLETE_MISSING_COORDINATES,STAGED_REVIEW_REQUIRED,MASTER_HEALTH_FACILITY_2024_07_23,,DUPLICATE_FACILITY_CODE
848,ZW050798,Redwood Clinic,Matabeleland North,Umguza,-19.738583,28.414176,RDC,CLINIC,Rural Council,RURAL_DISTRICT_COUNCIL,Rural,RURAL,Primary,PRIMARY,776890421,Open,ACTIVE_OR_OPERATIONAL,,,,,,NO,READY_WITH_COORDINATES,STAGED_REVIEW_REQUIRED,MASTER_HEALTH_FACILITY_2024_07_23,,DUPLICATE_FACILITY_CODE
852,ZW050798,Umuntu Clinic,Matabeleland North,Umguza,-19.912157,28.005784,RDC,CLINIC,Rural Council,RURAL_DISTRICT_COUNCIL,Rural,RURAL,Primary,PRIMARY,712777094,Open,ACTIVE_OR_OPERATIONAL,,,,,,NO,READY_WITH_COORDINATES,STAGED_REVIEW_REQUIRED,MASTER_HEALTH_FACILITY_2024_07_23,,DUPLICATE_FACILITY_CODE
863,ZW050754,ZRP Ntabazinduna Rural Health Centre,Matabeleland North,Umguza,-19.979595,28.845615,RHC,RURAL_HEALTH_CENTRE,ZRP,ZIMBABWE_REPUBLIC_POLICE,Rural,RURAL,Primary,PRIMARY,776304330,Open,ACTIVE_OR_OPERATIONAL,,,,,,NO,READY_WITH_COORDINATES,STAGED_REVIEW_REQUIRED,MASTER_HEALTH_FACILITY_2024_07_23,,DUPLICATE_FACILITY_CODE
883,ZW060130,Tongwe Clinic,Matabeleland South,Beitbridge,-21.931191,30.040339,RDC,CLINIC,Rural Council,RURAL_DISTRICT_COUNCIL,Rural,RURAL,Primary,PRIMARY,717468248,Open,ACTIVE_OR_OPERATIONAL,N/a,,,,,NO,READY_WITH_COORDINATES,STAGED_REVIEW_REQUIRED,MASTER_HEALTH_FACILITY_2024_07_23,,DUPLICATE_FACILITY_NAME
1035,ZW080133,Murwira Clinic,Masvingo,Bikita,-19.941089,31.646534,RHC,RURAL_HEALTH_CENTRE,Rural Council,RURAL_DISTRICT_COUNCIL,Rural,RURAL,primary,PRIMARY,0785 906 019,Functional,ACTIVE_OR_OPERATIONAL,N/A,,,,,NO,READY_WITH_COORDINATES,STAGED_REVIEW_REQUIRED,MASTER_HEALTH_FACILITY_2024_07_23,,DUPLICATE_FACILITY_CODE
1036,ZW080133,Mutikizizi Rural Health Centre,Masvingo,Bikita,-20.210393,31.711208,RHC,RURAL_HEALTH_CENTRE,Rural Council,RURAL_DISTRICT_COUNCIL,Rural,RURAL,primary,PRIMARY,0772 245 241,Functional,ACTIVE_OR_OPERATIONAL,N/A,,,,,NO,READY_WITH_COORDINATES,STAGED_REVIEW_REQUIRED,MASTER_HEALTH_FACILITY_2024_07_23,,DUPLICATE_FACILITY_CODE
1041,ZW080129,Odzi Clinic,Masvingo,Bikita,-20.42068,31.842581,RHC,RURAL_HEALTH_CENTRE,Rural Council,RURAL_DISTRICT_COUNCIL,Rural,RURAL,primary,PRIMARY,0773 537 331,Functional,ACTIVE_OR_OPERATIONAL,N/A,,,,,NO,READY_WITH_COORDINATES,STAGED_REVIEW_REQUIRED,MASTER_HEALTH_FACILITY_2024_07_23,,DUPLICATE_FACILITY_NAME
1049,ZW080202,Chilonga Rural Health Centre,Masvingo,Chiredzi,-21.223345,31.644456,RHC,RURAL_HEALTH_CENTRE,Government,GOVERNMENT,Rural,RURAL,primary,PRIMARY,263780054743,functional,ACTIVE_OR_OPERATIONAL,15,,,,,NO,READY_WITH_COORDINATES,STAGED_REVIEW_REQUIRED,MASTER_HEALTH_FACILITY_2024_07_23,,DUPLICATE_FACILITY_CODE
1053,,Chiredzi NRZ Clinic,Masvingo,Chiredzi,-21.02481,31.4692802429,RHC,RURAL_HEALTH_CENTRE,Private,PRIVATE,Rural,RURAL,primary,PRIMARY,263775136150,unfunctional,NON_FUNCTIONAL,,,,,,NO,READY_WITH_COORDINATES,STAGED_REVIEW_REQUIRED,MASTER_HEALTH_FACILITY_2024_07_23,Facility Code,MISSING_REQUIRED: Facility Code
1054,ZW080208,Chiredzi ZRP Clinic,Masvingo,Chiredzi,-21.03814,31.6732807159,RHC,RURAL_HEALTH_CENTRE,ZRP,ZIMBABWE_REPUBLIC_POLICE,Rural,RURAL,primary,PRIMARY,263780054752,functional,ACTIVE_OR_OPERATIONAL,1,,,,,NO,READY_WITH_COORDINATES,STAGED_REVIEW_REQUIRED,MASTER_HEALTH_FACILITY_2024_07_23,,DUPLICATE_FACILITY_CODE
1055,ZW080205,Chiredzi ZSA Clinic,Masvingo,Chiredzi,-21.073491,31.648408,RHC,RURAL_HEALTH_CENTRE,Private,PRIVATE,Rural,RURAL,primary,PRIMARY,263773282946,functional,ACTIVE_OR_OPERATIONAL,2,,,,,NO,READY_WITH_COORDINATES,STAGED_REVIEW_REQUIRED,MASTER_HEALTH_FACILITY_2024_07_23,,DUPLICATE_FACILITY_CODE
1060,ZW080202,Damarakanaka Clinic,Masvingo,Chiredzi,-21.33969,31.4732494354,RHC,RURAL_HEALTH_CENTRE,Mission,MISSION_FAITH_BASED,Rural,RURAL,primary,PRIMARY,263780054737,functional,ACTIVE_OR_OPERATIONAL,5,,,,,NO,READY_WITH_COORDINATES,STAGED_REVIEW_REQUIRED,MASTER_HEALTH_FACILITY_2024_07_23,,DUPLICATE_FACILITY_CODE
1061,ZW080205,Davata Rural Health Centre,Masvingo,Chiredzi,-22.271549,31.233867,RHC,RURAL_HEALTH_CENTRE,Government,GOVERNMENT,Rural,RURAL,primary,PRIMARY,,functional,ACTIVE_OR_OPERATIONAL,5,,,,,NO,READY_WITH_COORDINATES,STAGED_REVIEW_REQUIRED,MASTER_HEALTH_FACILITY_2024_07_23,,DUPLICATE_FACILITY_CODE
1064,ZW080206,Gezani Rural Health Centre,Masvingo,Chiredzi,-22.102694,31.144745,RHC,RURAL_HEALTH_CENTRE,Government,GOVERNMENT,Rural,RURAL,primary,PRIMARY,263778503467,functional,ACTIVE_OR_OPERATIONAL,5,,,,,NO,READY_WITH_COORDINATES,STAGED_REVIEW_REQUIRED,MASTER_HEALTH_FACILITY_2024_07_23,,DUPLICATE_FACILITY_CODE
1067,ZW080206,Hippo Valley Private Hospital,Masvingo,Chiredzi,-21.07347,31.6511096954,General Hospital,HOSPITAL_REQUIRES_LEVEL_REVIEW,Private,PRIVATE,Rural,RURAL,secondary,SECONDARY,263778319305,functional,ACTIVE_OR_OPERATIONAL,142,,,,,NO,READY_WITH_COORDINATES,STAGED_REVIEW_REQUIRED,MASTER_HEALTH_FACILITY_2024_07_23,,DUPLICATE_FACILITY_CODE
1070,ZW080343,Masivamele Rhc,Masvingo,Chiredzi,-21.383065,31.681875,RHC,RURAL_HEALTH_CENTRE,Government,GOVERNMENT,Rural,RURAL,primary,PRIMARY,,functional,ACTIVE_OR_OPERATIONAL,3,,,,,NO,READY_WITH_COORDINATES,STAGED_REVIEW_REQUIRED,MASTER_HEALTH_FACILITY_2024_07_23,,DUPLICATE_FACILITY_CODE
1071,ZW080343,Matedzi RHC,Masvingo,Chiredzi,,,RHC,RURAL_HEALTH_CENTRE,Government,GOVERNMENT,Rural,RURAL,primary,PRIMARY,263773299997,functional,ACTIVE_OR_OPERATIONAL,3,,,,Latitude; Longitude,YES,INCOMPLETE_MISSING_COORDINATES,STAGED_REVIEW_REQUIRED,MASTER_HEALTH_FACILITY_2024_07_23,,DUPLICATE_FACILITY_CODE
1072,ZW080208,Mhlanguleni Rural Health Centre,Masvingo,Chiredzi,-21.528823,31.49592,RHC,RURAL_HEALTH_CENTRE,Government,GOVERNMENT,Rural,RURAL,primary,PRIMARY,263780054741,functional,ACTIVE_OR_OPERATIONAL,5,,,,,NO,READY_WITH_COORDINATES,STAGED_REVIEW_REQUIRED,MASTER_HEALTH_FACILITY_2024_07_23,,DUPLICATE_FACILITY_CODE
1073,ZW080208,Mkwasine Clinic,Masvingo,Chiredzi,-20.828128,31.882577,RHC,RURAL_HEALTH_CENTRE,Private,PRIVATE,Rural,RURAL,primary,PRIMARY,263780054732,functional,ACTIVE_OR_OPERATIONAL,9,,,,,NO,READY_WITH_COORDINATES,STAGED_REVIEW_REQUIRED,MASTER_HEALTH_FACILITY_2024_07_23,,DUPLICATE_FACILITY_CODE
1075,ZW080339,Berejena Mission,Masvingo,Chivi,-20.633853,30.577211,RHC,RURAL_HEALTH_CENTRE,Government,GOVERNMENT,Rural,RURAL,primary,PRIMARY,273774691887,functional,ACTIVE_OR_OPERATIONAL,5,,,,,NO,READY_WITH_COORDINATES,STAGED_REVIEW_REQUIRED,MASTER_HEALTH_FACILITY_2024_07_23,,DUPLICATE_FACILITY_CODE
1086,ZW08.03.08,Gororo Clinic,Masvingo,Chivi,-20.76394,30.911142,RHC,RURAL_HEALTH_CENTRE,Rural Council,RURAL_DISTRICT_COUNCIL,Rural,RURAL,Primary,PRIMARY,778408738,Functioning,ACTIVE_OR_OPERATIONAL,3,,,,,NO,READY_WITH_COORDINATES,STAGED_REVIEW_REQUIRED,MASTER_HEALTH_FACILITY_2024_07_23,,DUPLICATE_FACILITY_CODE
1087,ZW08.03.27,Madamombe Clinic,Masvingo,Chivi,-20.048396,30.323057,RHC,RURAL_HEALTH_CENTRE,Rural Council,RURAL_DISTRICT_COUNCIL,Rural,RURAL,Primary,PRIMARY,774400562,Functioning,ACTIVE_OR_OPERATIONAL,3,,,,,NO,READY_WITH_COORDINATES,STAGED_REVIEW_REQUIRED,MASTER_HEALTH_FACILITY_2024_07_23,,DUPLICATE_FACILITY_NAME
1092,ZW08.03.08,Nyahombe Rural Health Centre,Masvingo,Chivi,-20.809446,30.988649,RHC,RURAL_HEALTH_CENTRE,Government,GOVERNMENT,Rural,RURAL,Primary,PRIMARY,775255696,Functioning,ACTIVE_OR_OPERATIONAL,3,,,,,NO,READY_WITH_COORDINATES,STAGED_REVIEW_REQUIRED,MASTER_HEALTH_FACILITY_2024_07_23,,DUPLICATE_FACILITY_CODE
1099,,Chartsworth Clinic,Masvingo,Gutu,-19.634233,30.838685,,,,,,,,,,,,,,,,Facility Type; Ownership; Status,YES,READY_WITH_COORDINATES,STAGED_REVIEW_REQUIRED,MASTER_HEALTH_FACILITY_2024_07_23,Facility Code,MISSING_REQUIRED: Facility Code
1107,ZW08.04.26,Denhere Clinic,Masvingo,Gutu,-19.284132,31.188771,RHC,RURAL_HEALTH_CENTRE,Rural Council,RURAL_DISTRICT_COUNCIL,Rural,RURAL,primary,PRIMARY,783285120,Operational,ACTIVE_OR_OPERATIONAL,54,,,,,NO,READY_WITH_COORDINATES,STAGED_REVIEW_REQUIRED,MASTER_HEALTH_FACILITY_2024_07_23,,DUPLICATE_FACILITY_NAME
1118,,Muchekayawora Clinic,Masvingo,Gutu,-19.77165,31.724596,,,,,,,,,,,,,,,,Facility Type; Ownership; Status,YES,READY_WITH_COORDINATES,STAGED_REVIEW_REQUIRED,MASTER_HEALTH_FACILITY_2024_07_23,Facility Code,MISSING_REQUIRED: Facility Code
1141,ZW080527,Gundura Clinic,Masvingo,Masvingo,-19.872839,30.524122,Clinic,CLINIC,RDC,RURAL_DISTRICT_COUNCIL,Rural,RURAL,Primary,PRIMARY,263787835373,Functional,ACTIVE_OR_OPERATIONAL,,,,,,NO,READY_WITH_COORDINATES,STAGED_REVIEW_REQUIRED,MASTER_HEALTH_FACILITY_2024_07_23,,DUPLICATE_FACILITY_NAME
1144,ZW080528,Mapanzure Clinic,Masvingo,Masvingo,-20.399889,30.86002,Clinic,CLINIC,RDC,RURAL_DISTRICT_COUNCIL,Rural,RURAL,Primary,PRIMARY,263783285126,Functional,ACTIVE_OR_OPERATIONAL,,,,,,NO,READY_WITH_COORDINATES,STAGED_REVIEW_REQUIRED,MASTER_HEALTH_FACILITY_2024_07_23,,DUPLICATE_FACILITY_NAME
1165,ZW080542,Nyamande Clinic,Masvingo,Masvingo,-20.751945,31.185642,Clinic,CLINIC,RDC,RURAL_DISTRICT_COUNCIL,Rural,RURAL,Primary,PRIMARY,263787836929,Functional,ACTIVE_OR_OPERATIONAL,,,,,,NO,READY_WITH_COORDINATES,STAGED_REVIEW_REQUIRED,MASTER_HEALTH_FACILITY_2024_07_23,,DUPLICATE_FACILITY_NAME
1176,ZW080683,G and N Clinic,Masvingo,Mwenezi,,,RHC,RURAL_HEALTH_CENTRE,Private,PRIVATE,Rural,RURAL,primary,PRIMARY,,Functional,ACTIVE_OR_OPERATIONAL,10,,,,Latitude; Longitude,YES,INCOMPLETE_MISSING_COORDINATES,STAGED_REVIEW_REQUIRED,MASTER_HEALTH_FACILITY_2024_07_23,,DUPLICATE_FACILITY_CODE
1183,ZW080683,Mlelezi Clinic,Masvingo,Mwenezi,-21.214161,30.064765,RHC,RURAL_HEALTH_CENTRE,Rural Council,RURAL_DISTRICT_COUNCIL,Rural,RURAL,primary,PRIMARY,0772607980,Functional,ACTIVE_OR_OPERATIONAL,23,,,,,NO,READY_WITH_COORDINATES,STAGED_REVIEW_REQUIRED,MASTER_HEALTH_FACILITY_2024_07_23,,DUPLICATE_FACILITY_CODE
1209,ZW080735,Nhema Clinic,Masvingo,Zaka,,,RHC,RURAL_HEALTH_CENTRE,Rural Council,RURAL_DISTRICT_COUNCIL,Rural,RURAL,Primary,PRIMARY,0784 633 226,Functional,ACTIVE_OR_OPERATIONAL,9,,,,Latitude; Longitude,YES,INCOMPLETE_MISSING_COORDINATES,STAGED_REVIEW_REQUIRED,MASTER_HEALTH_FACILITY_2024_07_23,,DUPLICATE_FACILITY_NAME
1220,,Zvavahera Rural Health Centre,Masvingo,Gutu,-19.558635,31.344629,,,,,,,,,,,,,,,,Facility Type; Ownership; Status,YES,READY_WITH_COORDINATES,STAGED_REVIEW_REQUIRED,MASTER_HEALTH_FACILITY_2024_07_23,Facility Code,MISSING_REQUIRED: Facility Code
1227,ZW080339,Rusununguko,Masvingo,Chiredzi,-20.960998,31.910015,RHC,RURAL_HEALTH_CENTRE,Government,GOVERNMENT,Rural,RURAL,primary,PRIMARY,273774691887,functional,ACTIVE_OR_OPERATIONAL,3,,,,,NO,READY_WITH_COORDINATES,STAGED_REVIEW_REQUIRED,MASTER_HEALTH_FACILITY_2024_07_23,,DUPLICATE_FACILITY_CODE
1228,ZW080231,Rutandare Clinic,Masvingo,Chiredzi,-22.093262,31.304321,RHC,RURAL_HEALTH_CENTRE,Rural Council,RURAL_DISTRICT_COUNCIL,Rural,RURAL,primary,PRIMARY,263775136150,functional,ACTIVE_OR_OPERATIONAL,5,,,,,NO,READY_WITH_COORDINATES,STAGED_REVIEW_REQUIRED,MASTER_HEALTH_FACILITY_2024_07_23,,DUPLICATE_FACILITY_CODE
1230,ZW080339,Samu Rural Health Centre,Masvingo,Chiredzi,-22.234986,31.359012,RHC,RURAL_HEALTH_CENTRE,Government,GOVERNMENT,Rural,RURAL,primary,PRIMARY,263780054745,functional,ACTIVE_OR_OPERATIONAL,6,,,,,NO,READY_WITH_COORDINATES,STAGED_REVIEW_REQUIRED,MASTER_HEALTH_FACILITY_2024_07_23,,DUPLICATE_FACILITY_CODE
1231,ZW080231,Sango Border Post,Masvingo,Chiredzi,-22.064814,31.679203,health post,HEALTH_POST,Government,GOVERNMENT,Rural,RURAL,primary,PRIMARY,263780054733,functional,ACTIVE_OR_OPERATIONAL,0,,,,,NO,READY_WITH_COORDINATES,STAGED_REVIEW_REQUIRED,MASTER_HEALTH_FACILITY_2024_07_23,,DUPLICATE_FACILITY_CODE
1233,ZW080533,Shumba Clinic,Masvingo,Masvingo,-20.409981,30.968452,Clinic,CLINIC,RDC,RURAL_DISTRICT_COUNCIL,Rural,RURAL,Primary,PRIMARY,263787836938,Functional,ACTIVE_OR_OPERATIONAL,,,,,,NO,READY_WITH_COORDINATES,STAGED_REVIEW_REQUIRED,MASTER_HEALTH_FACILITY_2024_07_23,,DUPLICATE_FACILITY_NAME
1255,ZW20101,Chiveso Clinic,Mashonaland Central,Bindura,-17.462223,31.34949,RHC,RURAL_HEALTH_CENTRE,Government,GOVERNMENT,Rural,RURAL,Primary,PRIMARY,789619183,Open,ACTIVE_OR_OPERATIONAL,N/A,,,,,NO,READY_WITH_COORDINATES,STAGED_REVIEW_REQUIRED,MASTER_HEALTH_FACILITY_2024_07_23,,DUPLICATE_FACILITY_CODE
1267,ZW20161,Rusununguko Clinic,Mashonaland Central,Bindura,-17.061192,31.280555,RHC,RURAL_HEALTH_CENTRE,Council,LOCAL_AUTHORITY,Rural,RURAL,Primary,PRIMARY,0779242542/0717288655,Open,ACTIVE_OR_OPERATIONAL,N/A,,,,,NO,READY_WITH_COORDINATES,STAGED_REVIEW_REQUIRED,MASTER_HEALTH_FACILITY_2024_07_23,,DUPLICATE_FACILITY_NAME
1275,ZW20105,Bindura ZRP clinic,Mashonaland Central,Bindura,,,Uniformed,UNIFORMED,Government,GOVERNMENT,urban,URBAN,Primary,PRIMARY,7881,Open,ACTIVE_OR_OPERATIONAL,N/A,,,,Latitude; Longitude,YES,INCOMPLETE_MISSING_COORDINATES,STAGED_REVIEW_REQUIRED,MASTER_HEALTH_FACILITY_2024_07_23,,DUPLICATE_FACILITY_NAME
1281,ZW20210,Chiwenga Clinic,Mashonaland Central,Centenary,-16.104893,31.332398,Clinic,CLINIC,Council,LOCAL_AUTHORITY,Rural,RURAL,Primary,PRIMARY,0773025152 Muguti V  S.I.C,Open,ACTIVE_OR_OPERATIONAL,N/A,,,,,NO,READY_WITH_COORDINATES,STAGED_REVIEW_REQUIRED,MASTER_HEALTH_FACILITY_2024_07_23,,DUPLICATE_FACILITY_NAME
1285,ZW20225,Hwata Clinic,Mashonaland Central,Centenary,-16.32365,30.959143,Clinic,CLINIC,Council,LOCAL_AUTHORITY,Rural,RURAL,Primary,PRIMARY,0783341651 Nyamukuwa E  S.I.C,Open,ACTIVE_OR_OPERATIONAL,N/A,,,,,NO,READY_WITH_COORDINATES,STAGED_REVIEW_REQUIRED,MASTER_HEALTH_FACILITY_2024_07_23,,DUPLICATE_FACILITY_NAME
1300,,mc Guruve ZPS Clinic,Mashonaland Central,Guruve,,,Clinic,CLINIC,private,PRIVATE,Rural,RURAL,Primary,PRIMARY,773287470,Open,ACTIVE_OR_OPERATIONAL,non admiting clinic,,,,Latitude; Longitude,YES,INCOMPLETE_MISSING_COORDINATES,STAGED_REVIEW_REQUIRED,MASTER_HEALTH_FACILITY_2024_07_23,Facility Code,MISSING_REQUIRED: Facility Code
1301,,mc Guruve ZRP Clinic,Mashonaland Central,Guruve,,,Clinic,CLINIC,private,PRIVATE,Rural,RURAL,Primary,PRIMARY,712098790,Open,ACTIVE_OR_OPERATIONAL,non admiting clinic,,,,Latitude; Longitude,YES,INCOMPLETE_MISSING_COORDINATES,STAGED_REVIEW_REQUIRED,MASTER_HEALTH_FACILITY_2024_07_23,Facility Code,MISSING_REQUIRED: Facility Code
1335,ZW20486,Montgomery Christian Care Centre,Mashonaland Central,Mazowe,-17.247056,30.783048,RHC,RURAL_HEALTH_CENTRE,Pvt,PRIVATE,Farming,FARMING,Primary,PRIMARY,773286631,Open,ACTIVE_OR_OPERATIONAL,N/A,,,,,NO,READY_WITH_COORDINATES,STAGED_REVIEW_REQUIRED,MASTER_HEALTH_FACILITY_2024_07_23,,DUPLICATE_FACILITY_CODE
1336,ZW20429,Mukodzongi Clinic,Mashonaland Central,Mazowe,-16.985865,31.164239,RHC,RURAL_HEALTH_CENTRE,Rural Council,RURAL_DISTRICT_COUNCIL,Rural,RURAL,PRimary,PRIMARY,773036339,Open,ACTIVE_OR_OPERATIONAL,,,,,,NO,READY_WITH_COORDINATES,STAGED_REVIEW_REQUIRED,MASTER_HEALTH_FACILITY_2024_07_23,,DUPLICATE_FACILITY_CODE
1338,ZW20429,NEMC,Mashonaland Central,Mazowe,,,RHC,RURAL_HEALTH_CENTRE,Pvt,PRIVATE,Farming,FARMING,Primary,PRIMARY,772334758,Open,ACTIVE_OR_OPERATIONAL,N/A,,,,Latitude; Longitude,YES,INCOMPLETE_MISSING_COORDINATES,STAGED_REVIEW_REQUIRED,MASTER_HEALTH_FACILITY_2024_07_23,,DUPLICATE_FACILITY_CODE
1342,ZW20432,SANDRINGHAM Clinic,Mashonaland Central,Mazowe,-17.556193,30.692813,HC,HC,Council,LOCAL_AUTHORITY,Farming,FARMING,Primary,PRIMARY,783843338,Open,ACTIVE_OR_OPERATIONAL,N/A,,,,,NO,READY_WITH_COORDINATES,STAGED_REVIEW_REQUIRED,MASTER_HEALTH_FACILITY_2024_07_23,,DUPLICATE_FACILITY_NAME
1345,ZW20486,Storis Clinic,Mashonaland Central,Mazowe,-17.512827,30.961423,RHC,RURAL_HEALTH_CENTRE,Pvt,PRIVATE,Mining,MINING,Primary,PRIMARY,774469411,Open,ACTIVE_OR_OPERATIONAL,N/A,,,,,NO,READY_WITH_COORDINATES,STAGED_REVIEW_REQUIRED,MASTER_HEALTH_FACILITY_2024_07_23,,DUPLICATE_FACILITY_CODE
1378,ZW20508,Mutasa Clinic,Mashonaland Central,Mt Darwin,-16.428808,31.615906,GOVERNMENT CLINIC,CLINIC,government,GOVERNMENT,Rural,RURAL,Primary,PRIMARY,0779 167 813,Open,ACTIVE_OR_OPERATIONAL,N/A,,,,,NO,READY_WITH_COORDINATES,STAGED_REVIEW_REQUIRED,MASTER_HEALTH_FACILITY_2024_07_23,,DUPLICATE_FACILITY_NAME
1386,ZW20530,Bindura ZRP Clinic,Mashonaland Central,Mt Darwin,,,POLICE,POLICE,PRIVATE,PRIVATE,Rural,RURAL,Primary,PRIMARY,0771 980 720,Open,ACTIVE_OR_OPERATIONAL,N/A,,,,Latitude; Longitude,YES,INCOMPLETE_MISSING_COORDINATES,STAGED_REVIEW_REQUIRED,MASTER_HEALTH_FACILITY_2024_07_23,,DUPLICATE_FACILITY_NAME
1389,ZW20607,Chimandau Rural Health Centre,Mashonaland Central,Rushinga,-16.654697,32.565513,Clinic-Rural,CLINIC,Government,GOVERNMENT,Rural,RURAL,Primary,PRIMARY,774128170,Open,ACTIVE_OR_OPERATIONAL,N/A,,,,,NO,READY_WITH_COORDINATES,STAGED_REVIEW_REQUIRED,MASTER_HEALTH_FACILITY_2024_07_23,,DUPLICATE_FACILITY_CODE
1395,ZW20607,mc Ganganyama Clinic,Mashonaland Central,Rushinga,-16.745107,32.277387,Health Post,HEALTH_POST,Government,GOVERNMENT,Rural,RURAL,Primary,PRIMARY,771064794,Open,ACTIVE_OR_OPERATIONAL,N/A,,,,,NO,READY_WITH_COORDINATES,STAGED_REVIEW_REQUIRED,MASTER_HEALTH_FACILITY_2024_07_23,,DUPLICATE_FACILITY_CODE
1415,ZW20101,Mupfure Clinic,Mashonaland Central,Shamva,-16.870303,31.494757,Clinic,CLINIC,Council,LOCAL_AUTHORITY,Rural,RURAL,Primary,PRIMARY,773452061,Open,ACTIVE_OR_OPERATIONAL,N/A,,,,,NO,READY_WITH_COORDINATES,STAGED_REVIEW_REQUIRED,MASTER_HEALTH_FACILITY_2024_07_23,,DUPLICATE_FACILITY_CODE; DUPLICATE_FACILITY_NAME
1428,,Gamanya Clinic,Mashonaland East,Chikomba,,,,,,,,,,,,,,,,,,Latitude; Longitude; Facility Type; Ownership; Status,YES,INCOMPLETE_MISSING_COORDINATES,STAGED_REVIEW_REQUIRED,MASTER_HEALTH_FACILITY_2024_07_23,Facility Code,MISSING_REQUIRED: Facility Code
1434,ZW30127,Madamombe Clinic,Mashonaland East,Chikomba,-19.118996,31.098944,RDC,CLINIC,Rural Council,RURAL_DISTRICT_COUNCIL,Rural,RURAL,Primary,PRIMARY,0774 160 033,Active,ACTIVE_OR_OPERATIONAL,,,,,,NO,READY_WITH_COORDINATES,STAGED_REVIEW_REQUIRED,MASTER_HEALTH_FACILITY_2024_07_23,,DUPLICATE_FACILITY_NAME
1455,ZW30135,Shumba Clinic,Mashonaland East,Chikomba,-18.92465,31.56795,RDC,CLINIC,Rural Council,RURAL_DISTRICT_COUNCIL,Rural,RURAL,Primary,PRIMARY,0774 160 164,Active,ACTIVE_OR_OPERATIONAL,,,,,,NO,READY_WITH_COORDINATES,STAGED_REVIEW_REQUIRED,MASTER_HEALTH_FACILITY_2024_07_23,,DUPLICATE_FACILITY_NAME
1466,,Chabwino Clinic,Mashonaland East,Goromonzi,-17.68942,31.289382,RDC,CLINIC,Rural Council,RURAL_DISTRICT_COUNCIL,Rural,RURAL,Primary,PRIMARY,778354335,Active,ACTIVE_OR_OPERATIONAL,,,,,,NO,READY_WITH_COORDINATES,STAGED_REVIEW_REQUIRED,MASTER_HEALTH_FACILITY_2024_07_23,Facility Code,MISSING_REQUIRED: Facility Code
1486,ZW30204,Rusununguko Clinic,Mashonaland East,Goromonzi,-17.991716,31.43313,RHC,RURAL_HEALTH_CENTRE,Government,GOVERNMENT,Rural,RURAL,Primary,PRIMARY,714548359,Active,ACTIVE_OR_OPERATIONAL,,,,,,NO,READY_WITH_COORDINATES,STAGED_REVIEW_REQUIRED,MASTER_HEALTH_FACILITY_2024_07_23,,DUPLICATE_FACILITY_NAME
1488,,Ruwa PolyClinic,Harare,Ruwa,-17.896629,31.241439,RDC,CLINIC,Rural Council,RURAL_DISTRICT_COUNCIL,Peri-Urban,PERI_URBAN,Primary,PRIMARY,771495751,Active,ACTIVE_OR_OPERATIONAL,,,,,,NO,READY_WITH_COORDINATES,STAGED_REVIEW_REQUIRED,MASTER_HEALTH_FACILITY_2024_07_23,Facility Code,MISSING_REQUIRED: Facility Code
1489,,Ruwa Rehabilitation Hospital,Harare,Ruwa,-17.901379,31.232538,General Hospital,HOSPITAL_REQUIRES_LEVEL_REVIEW,Government,GOVERNMENT,Peri-Urban,PERI_URBAN,Special,SPECIAL,715424967,Active,ACTIVE_OR_OPERATIONAL,,,,,,NO,READY_WITH_COORDINATES,STAGED_REVIEW_REQUIRED,MASTER_HEALTH_FACILITY_2024_07_23,Facility Code,MISSING_REQUIRED: Facility Code
1506,,Lustleigh Council Clinic,Mashonaland East,Marondera,-18.432991,31.385582,RHC,RURAL_HEALTH_CENTRE,Government,GOVERNMENT,Rural,RURAL,Primary,PRIMARY,772549869,Active,ACTIVE_OR_OPERATIONAL,,,,,,NO,READY_WITH_COORDINATES,STAGED_REVIEW_REQUIRED,MASTER_HEALTH_FACILITY_2024_07_23,Facility Code,MISSING_REQUIRED: Facility Code
1510,,Marondera ZNFPC Clinic,Mashonaland East,Marondera,,,RHC,RURAL_HEALTH_CENTRE,ZNFPC,ZNFPC,Urban,URBAN,Primary,PRIMARY,0776 079 193,Active,ACTIVE_OR_OPERATIONAL,,,,,Latitude; Longitude,YES,INCOMPLETE_MISSING_COORDINATES,STAGED_REVIEW_REQUIRED,MASTER_HEALTH_FACILITY_2024_07_23,Facility Code,MISSING_REQUIRED: Facility Code
1513,,Mt. Camel Clinic,Mashonaland East,Marondera,-18.174622,31.564987,RHC,RURAL_HEALTH_CENTRE,Rural Council,RURAL_DISTRICT_COUNCIL,Rural,RURAL,Primary,PRIMARY,0783 083 811,Active,ACTIVE_OR_OPERATIONAL,,,,,,NO,READY_WITH_COORDINATES,STAGED_REVIEW_REQUIRED,MASTER_HEALTH_FACILITY_2024_07_23,Facility Code,MISSING_REQUIRED: Facility Code
1518,,Ridigita Farm Prison Clinic,Mashonaland East,Marondera,-17.8336184,31.0140654,RHC,RURAL_HEALTH_CENTRE,ZPS,ZIMBABWE_PRISONS_AND_CORRECTIONAL_SERVICE,Rural,RURAL,Primary,PRIMARY,0713 941 170,Active,ACTIVE_OR_OPERATIONAL,,,,,,NO,READY_WITH_COORDINATES,STAGED_REVIEW_REQUIRED,MASTER_HEALTH_FACILITY_2024_07_23,Facility Code,MISSING_REQUIRED: Facility Code
1523,,Chimango Clinic,Mashonaland East,Mudzi,-16.920698,32.410159,,,,,Rural,RURAL,Primary,PRIMARY,,,,,,,,Facility Type; Ownership; Status,YES,READY_WITH_COORDINATES,STAGED_REVIEW_REQUIRED,MASTER_HEALTH_FACILITY_2024_07_23,Facility Code,MISSING_REQUIRED: Facility Code
1525,,Chingamuka Clinic,Mashonaland East,Mudzi,-16.865619,32.55445,RDC,CLINIC,Rural Council,RURAL_DISTRICT_COUNCIL,Rural,RURAL,Primary,PRIMARY,0778 183 736,Active,ACTIVE_OR_OPERATIONAL,,,,,,NO,READY_WITH_COORDINATES,STAGED_REVIEW_REQUIRED,MASTER_HEALTH_FACILITY_2024_07_23,Facility Code,MISSING_REQUIRED: Facility Code
1526,,Chingwena Clinic,Mashonaland East,Mudzi,-17.085717,32.493927,,,,,Rural,RURAL,Primary,PRIMARY,,,,,,,,Facility Type; Ownership; Status,YES,READY_WITH_COORDINATES,STAGED_REVIEW_REQUIRED,MASTER_HEALTH_FACILITY_2024_07_23,Facility Code,MISSING_REQUIRED: Facility Code
1530,,Goromonzi Clinic,Mashonaland East,Mudzi,-17.091766,32.776835,RDC,CLINIC,Rural Council,RURAL_DISTRICT_COUNCIL,Rural,RURAL,Primary,PRIMARY,0778 398 085,Active,ACTIVE_OR_OPERATIONAL,,,,,,NO,READY_WITH_COORDINATES,STAGED_REVIEW_REQUIRED,MASTER_HEALTH_FACILITY_2024_07_23,Facility Code,MISSING_REQUIRED: Facility Code
1539,,Mavhurazi clinic,Mashonaland East,Mudzi,-17.228086,32.563199,RDC,CLINIC,Rural Council,RURAL_DISTRICT_COUNCIL,Rural,RURAL,Primary,PRIMARY,0718 983 981,Active,ACTIVE_OR_OPERATIONAL,,,,,,NO,READY_WITH_COORDINATES,STAGED_REVIEW_REQUIRED,MASTER_HEALTH_FACILITY_2024_07_23,Facility Code,MISSING_REQUIRED: Facility Code
1540,,Mudzi Camp Clinic,Mashonaland East,Mudzi,-17.1149,32.4498,RHC,RURAL_HEALTH_CENTRE,ZNA,UNIFORMED_SERVICE,Rural,RURAL,Primary,PRIMARY,0773 664 363,Active,ACTIVE_OR_OPERATIONAL,,,,,,NO,READY_WITH_COORDINATES,STAGED_REVIEW_REQUIRED,MASTER_HEALTH_FACILITY_2024_07_23,Facility Code,MISSING_REQUIRED: Facility Code
1541,,Muzezuru Grace of Life Clinic,Mashonaland East,Mudzi,-17.6730533,30.185763,,,,,Rural,RURAL,Primary,PRIMARY,,,,,,,,Facility Type; Ownership; Status,YES,READY_WITH_COORDINATES,STAGED_REVIEW_REQUIRED,MASTER_HEALTH_FACILITY_2024_07_23,Facility Code,MISSING_REQUIRED: Facility Code
1543,,Nyamande Clinic,Mashonaland East,Mudzi,-17.222502,32.717588,RDC,CLINIC,Rural Council,RURAL_DISTRICT_COUNCIL,Rural,RURAL,Primary,PRIMARY,0772 632 932,Active,ACTIVE_OR_OPERATIONAL,,,,,,NO,READY_WITH_COORDINATES,STAGED_REVIEW_REQUIRED,MASTER_HEALTH_FACILITY_2024_07_23,Facility Code,MISSING_REQUIRED: Facility Code; DUPLICATE_FACILITY_NAME
1548,,Nyapfunde Clinic,Mashonaland East,Mudzi,-17.041053,32.22977,RDC,CLINIC,Rural Council,RURAL_DISTRICT_COUNCIL,Rural,RURAL,Primary,PRIMARY,773080841,Active,ACTIVE_OR_OPERATIONAL,,,,,,NO,READY_WITH_COORDINATES,STAGED_REVIEW_REQUIRED,MASTER_HEALTH_FACILITY_2024_07_23,Facility Code,MISSING_REQUIRED: Facility Code
1549,,Nyarutepo Clinic,Mashonaland East,Mudzi,-17.339121,32.637496,RDC,CLINIC,Rural Council,RURAL_DISTRICT_COUNCIL,Rural,RURAL,Primary,PRIMARY,773839307,Active,ACTIVE_OR_OPERATIONAL,,,,,,NO,READY_WITH_COORDINATES,STAGED_REVIEW_REQUIRED,MASTER_HEALTH_FACILITY_2024_07_23,Facility Code,MISSING_REQUIRED: Facility Code
1553,,Chidiya Clinic,Mashonaland East,Murewa,-17.88362,31.698235,,,,,Rural,RURAL,Primary,PRIMARY,,,,,,,,Facility Type; Ownership; Status,YES,READY_WITH_COORDINATES,STAGED_REVIEW_REQUIRED,MASTER_HEALTH_FACILITY_2024_07_23,Facility Code,MISSING_REQUIRED: Facility Code
1554,,Chingwaru Clinic,Mashonaland East,Murewa,-17.525512,31.62515,,,,,Rural,RURAL,Primary,PRIMARY,,,,,,,,Facility Type; Ownership; Status,YES,READY_WITH_COORDINATES,STAGED_REVIEW_REQUIRED,MASTER_HEALTH_FACILITY_2024_07_23,Facility Code,MISSING_REQUIRED: Facility Code
1579,,St Claires Clinic,Mashonaland East,Murewa,-17.6804,31.759827,Mission Clinic,MISSION_CLINIC,Mission,MISSION_FAITH_BASED,Rural,RURAL,Primary,PRIMARY,,Active,ACTIVE_OR_OPERATIONAL,,,,,,NO,READY_WITH_COORDINATES,STAGED_REVIEW_REQUIRED,MASTER_HEALTH_FACILITY_2024_07_23,Facility Code,MISSING_REQUIRED: Facility Code
1585,,Bepeta Rural Health Centre,Mashonaland East,Mutoko,-17.2609539,32.0661363,RHC,RURAL_HEALTH_CENTRE,Rural Council,RURAL_DISTRICT_COUNCIL,Rural,RURAL,Primary,PRIMARY,713020906,Active,ACTIVE_OR_OPERATIONAL,,,,,,NO,READY_WITH_COORDINATES,STAGED_REVIEW_REQUIRED,MASTER_HEALTH_FACILITY_2024_07_23,Facility Code,MISSING_REQUIRED: Facility Code
1586,,Bondamakara Clinic,Mashonaland East,Mutoko,-17.272978,32.371744,,,,,Rural,RURAL,Primary,PRIMARY,,Open,ACTIVE_OR_OPERATIONAL,,,,,Facility Type; Ownership,YES,READY_WITH_COORDINATES,STAGED_REVIEW_REQUIRED,MASTER_HEALTH_FACILITY_2024_07_23,Facility Code,MISSING_REQUIRED: Facility Code
1588,,Chidye Clinic,Mashonaland East,Mutoko,-17.452751,32.622254,RHC,RURAL_HEALTH_CENTRE,Rural Council,RURAL_DISTRICT_COUNCIL,Rural,RURAL,Primary,PRIMARY,774159710,Active,ACTIVE_OR_OPERATIONAL,,,,,,NO,READY_WITH_COORDINATES,STAGED_REVIEW_REQUIRED,MASTER_HEALTH_FACILITY_2024_07_23,Facility Code,MISSING_REQUIRED: Facility Code
1589,,Chikondoma Clinic,Mashonaland East,Mutoko,-17.399738,32.250502,RHC,RURAL_HEALTH_CENTRE,Rural Council,RURAL_DISTRICT_COUNCIL,Rural,RURAL,Primary,PRIMARY,774159791,Active,ACTIVE_OR_OPERATIONAL,,,,,,NO,READY_WITH_COORDINATES,STAGED_REVIEW_REQUIRED,MASTER_HEALTH_FACILITY_2024_07_23,Facility Code,MISSING_REQUIRED: Facility Code
1600,,Madimutsa Clinic,Mashonaland East,Mutoko,-17.149086,32.312145,RHC,RURAL_HEALTH_CENTRE,Rural Council,RURAL_DISTRICT_COUNCIL,Rural,RURAL,Primary,PRIMARY,774969868,Active,ACTIVE_OR_OPERATIONAL,,,,,,NO,READY_WITH_COORDINATES,STAGED_REVIEW_REQUIRED,MASTER_HEALTH_FACILITY_2024_07_23,Facility Code,MISSING_REQUIRED: Facility Code
1612,,ZNA Camp Clinic Mutoko,Mashonaland East,Mutoko,-17.4110271,32.2374636,RHC,RURAL_HEALTH_CENTRE,Government,GOVERNMENT,Rural,RURAL,Primary,PRIMARY,0273-3348-2895,Active,ACTIVE_OR_OPERATIONAL,,,,,,NO,READY_WITH_COORDINATES,STAGED_REVIEW_REQUIRED,MASTER_HEALTH_FACILITY_2024_07_23,Facility Code,MISSING_REQUIRED: Facility Code
1622,,Lanark Clinic,Mashonaland East,Seke,-18.064848,30.900196,RHC,RURAL_HEALTH_CENTRE,Private,PRIVATE,Urban,URBAN,Primary,PRIMARY,775357381,Active,ACTIVE_OR_OPERATIONAL,,,,,,NO,READY_WITH_COORDINATES,STAGED_REVIEW_REQUIRED,MASTER_HEALTH_FACILITY_2024_07_23,Facility Code,MISSING_REQUIRED: Facility Code
1626,,Mathew Rusike Children's Home Clinic,Mashonaland East,Seke,-178704465.0,31.1606206,Mission Clinic,MISSION_CLINIC,Private,PRIVATE,Urban,URBAN,Primary,PRIMARY,777925160,Active,ACTIVE_OR_OPERATIONAL,,,,,,NO,READY_WITH_COORDINATES,STAGED_REVIEW_REQUIRED,MASTER_HEALTH_FACILITY_2024_07_23,Facility Code,MISSING_REQUIRED: Facility Code
1627,,Mbuya Ruth Memorial Clinic,Mashonaland East,Seke,-17.918585,31.0164484,,,,,unknown,,,,,Open,ACTIVE_OR_OPERATIONAL,,,,,Facility Type; Ownership,YES,READY_WITH_COORDINATES,STAGED_REVIEW_REQUIRED,MASTER_HEALTH_FACILITY_2024_07_23,Facility Code,MISSING_REQUIRED: Facility Code
1629,,Overspill Clinic,Harare,Epworth,-17.884566,31.156581,RHC,RURAL_HEALTH_CENTRE,Town/City Council,LOCAL_AUTHORITY,Urban,URBAN,Primary,PRIMARY,773449325,Active,ACTIVE_OR_OPERATIONAL,,,,,,NO,READY_WITH_COORDINATES,STAGED_REVIEW_REQUIRED,MASTER_HEALTH_FACILITY_2024_07_23,Facility Code,MISSING_REQUIRED: Facility Code
1631,,R G Mugabe Airport,Harare,Epworth,-17.9186024,31.0962765,,,,,Urban,URBAN,,,,Open,ACTIVE_OR_OPERATIONAL,,,,,Facility Type; Ownership,YES,READY_WITH_COORDINATES,STAGED_REVIEW_REQUIRED,MASTER_HEALTH_FACILITY_2024_07_23,Facility Code,MISSING_REQUIRED: Facility Code
1632,,Wheelerdale Clinic,Mashonaland East,Seke,-17.5503116,30.8541654,RHC,RURAL_HEALTH_CENTRE,Rural Council,RURAL_DISTRICT_COUNCIL,Rural,RURAL,Primary,PRIMARY,779152222,Active,ACTIVE_OR_OPERATIONAL,,,,,,NO,READY_WITH_COORDINATES,STAGED_REVIEW_REQUIRED,MASTER_HEALTH_FACILITY_2024_07_23,Facility Code,MISSING_REQUIRED: Facility Code
1639,,Dewe Council Clinic,Mashonaland East,Uzumba Maramba Pfungwe,-16.7837,32.4641,RDC,CLINIC,Rural Council,RURAL_DISTRICT_COUNCIL,Rural,RURAL,Primary,PRIMARY,712480947,Active,ACTIVE_OR_OPERATIONAL,,,,,,NO,READY_WITH_COORDINATES,STAGED_REVIEW_REQUIRED,MASTER_HEALTH_FACILITY_2024_07_23,Facility Code,MISSING_REQUIRED: Facility Code
1641,,Hombiro Clinic,Mashonaland East,Uzumba Maramba Pfungwe,-17.309713,31.93261,RDC,CLINIC,Rural Council,RURAL_DISTRICT_COUNCIL,Rural,RURAL,Primary,PRIMARY,778529057,Active,ACTIVE_OR_OPERATIONAL,,,,,,NO,READY_WITH_COORDINATES,STAGED_REVIEW_REQUIRED,MASTER_HEALTH_FACILITY_2024_07_23,Facility Code,MISSING_REQUIRED: Facility Code
1654,,Tsokodeka clinic,Mashonaland East,Uzumba Maramba Pfungwe,-17.101614,31.863252,RDC,CLINIC,Rural Council,RURAL_DISTRICT_COUNCIL,Rural,RURAL,Primary,PRIMARY,772461948,Active,ACTIVE_OR_OPERATIONAL,,,,,,NO,READY_WITH_COORDINATES,STAGED_REVIEW_REQUIRED,MASTER_HEALTH_FACILITY_2024_07_23,Facility Code,MISSING_REQUIRED: Facility Code
1664,,Madzimbabwe Clinic,Mashonaland East,Wedza,-18.824899,31.828692,,,,,Rural,RURAL,Primary,PRIMARY,,,,,,,,Facility Type; Ownership; Status,YES,READY_WITH_COORDINATES,STAGED_REVIEW_REQUIRED,MASTER_HEALTH_FACILITY_2024_07_23,Facility Code,MISSING_REQUIRED: Facility Code
1667,ZW30427,Mukamba Clinic,Mashonaland East,Wedza,-18.87657,31.821267,RHC,RURAL_HEALTH_CENTRE,Town/City Council,LOCAL_AUTHORITY,Rural,RURAL,Primary,PRIMARY,786687824,Active,ACTIVE_OR_OPERATIONAL,,,,,,NO,READY_WITH_COORDINATES,STAGED_REVIEW_REQUIRED,MASTER_HEALTH_FACILITY_2024_07_23,,DUPLICATE_FACILITY_NAME
1670,,Tilita Clinic,Mashonaland East,Wedza,-18.587635,31.690821,,,,,Rural,RURAL,Primary,PRIMARY,,,,,,,,Facility Type; Ownership; Status,YES,READY_WITH_COORDINATES,STAGED_REVIEW_REQUIRED,MASTER_HEALTH_FACILITY_2024_07_23,Facility Code,MISSING_REQUIRED: Facility Code
1673,,Chaka Clinic,Midlands,Chirumhanzu,-19.53636,30.6891403198,RDC,CLINIC,Rural Council,RURAL_DISTRICT_COUNCIL,Rural,RURAL,Primary,PRIMARY,,,,,,,,Status,YES,READY_WITH_COORDINATES,STAGED_REVIEW_REQUIRED,MASTER_HEALTH_FACILITY_2024_07_23,Facility Code,MISSING_REQUIRED: Facility Code
1677,ZW070102,Denhere Clinic,Midlands,Chirumhanzu,-19.770535,30.517133,RDC,CLINIC,Rural Council,RURAL_DISTRICT_COUNCIL,Rural,RURAL,Primary,PRIMARY,0773 514 641,,,,,,,Status,YES,READY_WITH_COORDINATES,STAGED_REVIEW_REQUIRED,MASTER_HEALTH_FACILITY_2024_07_23,,DUPLICATE_FACILITY_NAME
1678,,Doroguru clinic,Midlands,Chirumhanzu,,,RHC,RURAL_HEALTH_CENTRE,,,Rural,RURAL,Primary,PRIMARY,0779 022 429,,,,,,,Latitude; Longitude; Ownership; Status,YES,INCOMPLETE_MISSING_COORDINATES,STAGED_REVIEW_REQUIRED,MASTER_HEALTH_FACILITY_2024_07_23,Facility Code,MISSING_REQUIRED: Facility Code
1680,,Guramatunhu Clinic,Midlands,Chirumhanzu,-19.635242,30.479778,RDC,CLINIC,Rural Council,RURAL_DISTRICT_COUNCIL,Rural,RURAL,Primary,PRIMARY,,,,,,,,Status,YES,READY_WITH_COORDINATES,STAGED_REVIEW_REQUIRED,MASTER_HEALTH_FACILITY_2024_07_23,Facility Code,MISSING_REQUIRED: Facility Code
1683,ZW070147,Hwata Clinic,Midlands,Chirumhanzu,,,,,,,,,,,,,,,,,,Latitude; Longitude; Facility Type; Ownership; Status,YES,INCOMPLETE_MISSING_COORDINATES,STAGED_REVIEW_REQUIRED,MASTER_HEALTH_FACILITY_2024_07_23,,DUPLICATE_FACILITY_NAME
1686,,Mapiravana Clinic,Midlands,Chirumhanzu,-19.493526,30.501075,RDC,CLINIC,Rural Council,RURAL_DISTRICT_COUNCIL,Rural,RURAL,Primary,PRIMARY,0778 952 584,,,,,,,Status,YES,READY_WITH_COORDINATES,STAGED_REVIEW_REQUIRED,MASTER_HEALTH_FACILITY_2024_07_23,Facility Code,MISSING_REQUIRED: Facility Code
1688,,Musena Rural Health Centre,Midlands,Chirumhanzu,-18.861655,30.408882,RHC,RURAL_HEALTH_CENTRE,Rural Council,RURAL_DISTRICT_COUNCIL,Rural,RURAL,Primary,PRIMARY,0786 539 625,,,,,,,Status,YES,READY_WITH_COORDINATES,STAGED_REVIEW_REQUIRED,MASTER_HEALTH_FACILITY_2024_07_23,Facility Code,MISSING_REQUIRED: Facility Code
1695,,Tokwe 4 Clinic,Midlands,Chirumhanzu,-19.475467,30.251978,RDC,CLINIC,Rural Council,RURAL_DISTRICT_COUNCIL,Rural,RURAL,Primary,PRIMARY,0773 808 176,,,,,,,Status,YES,READY_WITH_COORDINATES,STAGED_REVIEW_REQUIRED,MASTER_HEALTH_FACILITY_2024_07_23,Facility Code,MISSING_REQUIRED: Facility Code
1696,,ZIMASCO Private Clinic,Midlands,Chirumhanzu,,,RHC,RURAL_HEALTH_CENTRE,Mine,MINE,Rural,RURAL,Primary,PRIMARY,,,,,,,,Latitude; Longitude; Status,YES,INCOMPLETE_MISSING_COORDINATES,STAGED_REVIEW_REQUIRED,MASTER_HEALTH_FACILITY_2024_07_23,Facility Code,MISSING_REQUIRED: Facility Code
1697,,Burure Clinic,Midlands,Gokwe North,-17.5984,28.44285,RDC,CLINIC,Rural Council,RURAL_DISTRICT_COUNCIL,Rural,RURAL,Primary,PRIMARY,783285159,Fuctioning,ACTIVE_OR_OPERATIONAL,4,2013,,,,NO,READY_WITH_COORDINATES,STAGED_REVIEW_REQUIRED,MASTER_HEALTH_FACILITY_2024_07_23,Facility Code,MISSING_REQUIRED: Facility Code
1699,,Chireya Mission Hospital,Midlands,Gokwe North,-17.5443,28.59941,Mission Hospital,MISSION_HOSPITAL,Mission,MISSION_FAITH_BASED,Rural,RURAL,Secondary,SECONDARY,771134138,Fuctioning,ACTIVE_OR_OPERATIONAL,20,1962,,,,NO,READY_WITH_COORDINATES,STAGED_REVIEW_REQUIRED,MASTER_HEALTH_FACILITY_2024_07_23,Facility Code,MISSING_REQUIRED: Facility Code
1701,,Gandavaroyi Clinic,Midlands,Gokwe North,-17.2958,29.12583,RHC,RURAL_HEALTH_CENTRE,Government,GOVERNMENT,Rural,RURAL,Primary,PRIMARY,776614145,Fuctioning,ACTIVE_OR_OPERATIONAL,8,2015,,,,NO,READY_WITH_COORDINATES,STAGED_REVIEW_REQUIRED,MASTER_HEALTH_FACILITY_2024_07_23,Facility Code,MISSING_REQUIRED: Facility Code
1705,ZW070702,Kadzidirire Rural Health Centre,Midlands,Gokwe North,-17.5007,28.93855,RHC,RURAL_HEALTH_CENTRE,Government,GOVERNMENT,Rural,RURAL,Primary,PRIMARY,773914726,Fuctioning,ACTIVE_OR_OPERATIONAL,2,1985,,,,NO,READY_WITH_COORDINATES,STAGED_REVIEW_REQUIRED,MASTER_HEALTH_FACILITY_2024_07_23,,DUPLICATE_FACILITY_CODE
1708,ZW070803,Madzivazvido Rural Health Centre,Midlands,Gokwe North,-17.6297,28.50535,RHC,RURAL_HEALTH_CENTRE,Government,GOVERNMENT,Rural,RURAL,Primary,PRIMARY,779906816,Fuctioning,ACTIVE_OR_OPERATIONAL,4,1985,,,,NO,READY_WITH_COORDINATES,STAGED_REVIEW_REQUIRED,MASTER_HEALTH_FACILITY_2024_07_23,,DUPLICATE_FACILITY_CODE
1720,ZW072320,Vumba Clinic,Midlands,Gokwe North,-17.7832,28.13017,RDC,CLINIC,Rural Council,RURAL_DISTRICT_COUNCIL,Rural,RURAL,Primary,PRIMARY,773091371,Fuctioning,ACTIVE_OR_OPERATIONAL,4,2003,,,,NO,READY_WITH_COORDINATES,STAGED_REVIEW_REQUIRED,MASTER_HEALTH_FACILITY_2024_07_23,,DUPLICATE_FACILITY_NAME
1722,,Zumba Clinic,Midlands,Gokwe North,-17.403,28.70797,RHC,RURAL_HEALTH_CENTRE,Government,GOVERNMENT,Rural,RURAL,Primary,PRIMARY,783400049,Fuctioning,ACTIVE_OR_OPERATIONAL,10,2014,,,,NO,READY_WITH_COORDINATES,STAGED_REVIEW_REQUIRED,MASTER_HEALTH_FACILITY_2024_07_23,Facility Code,MISSING_REQUIRED: Facility Code
1729,,Gokwe South CeSHHAR Mobile Sister's Clinic,Midlands,Gokwe South,,,,,,,,,,,,,,,,,,Latitude; Longitude; Facility Type; Ownership; Status,YES,INCOMPLETE_MISSING_COORDINATES,STAGED_REVIEW_REQUIRED,MASTER_HEALTH_FACILITY_2024_07_23,Facility Code,MISSING_REQUIRED: Facility Code
1761,ZW070339,Tongwe Clinic,Midlands,Gokwe South,-18.080264,29.10388,RDC,CLINIC,Rural Council,RURAL_DISTRICT_COUNCIL,Rural,RURAL,Primary,PRIMARY,,,,,1989,,,Status,YES,READY_WITH_COORDINATES,STAGED_REVIEW_REQUIRED,MASTER_HEALTH_FACILITY_2024_07_23,,DUPLICATE_FACILITY_NAME
1766,ZW070424,Chinamasa Clinic,Midlands,Gweru,-19.3054,29.918799,RDC,CLINIC,Rural Council,RURAL_DISTRICT_COUNCIL,Rural,RURAL,Primary,PRIMARY,786933203,,,,,,,Status,YES,READY_WITH_COORDINATES,STAGED_REVIEW_REQUIRED,MASTER_HEALTH_FACILITY_2024_07_23,,DUPLICATE_FACILITY_NAME
1775,,Gweru Provincial Camp Clinic,Midlands,Gweru,,,RHC,RURAL_HEALTH_CENTRE,ZRP,ZIMBABWE_REPUBLIC_POLICE,Urban,URBAN,Primary,PRIMARY,,,,,,,,Latitude; Longitude; Status,YES,INCOMPLETE_MISSING_COORDINATES,STAGED_REVIEW_REQUIRED,MASTER_HEALTH_FACILITY_2024_07_23,Facility Code,MISSING_REQUIRED: Facility Code
1782,ZW070426,Maboleni Clinic,Midlands,Gweru,-19.291308,29.426651,RDC,CLINIC,Rural Council,RURAL_DISTRICT_COUNCIL,Rural,RURAL,Primary,PRIMARY,783387770,,,,,,,Status,YES,READY_WITH_COORDINATES,STAGED_REVIEW_REQUIRED,MASTER_HEALTH_FACILITY_2024_07_23,,DUPLICATE_FACILITY_NAME
1794,ZW070447,Nyama Clinic,Midlands,Gweru,-19.218706,29.341612,RDC,CLINIC,Rural Council,RURAL_DISTRICT_COUNCIL,Rural,RURAL,Primary,PRIMARY,786933235,,,,,,,Status,YES,READY_WITH_COORDINATES,STAGED_REVIEW_REQUIRED,MASTER_HEALTH_FACILITY_2024_07_23,,DUPLICATE_FACILITY_NAME
1802,,Thornhill Airbase Hospital,Midlands,Gweru,,,General Hospital,HOSPITAL_REQUIRES_LEVEL_REVIEW,ZNA,UNIFORMED_SERVICE,Urban,URBAN,Secondary,SECONDARY,712459527,,,,,,,Latitude; Longitude; Status,YES,INCOMPLETE_MISSING_COORDINATES,STAGED_REVIEW_REQUIRED,MASTER_HEALTH_FACILITY_2024_07_23,Facility Code,MISSING_REQUIRED: Facility Code
1803,ZW070468,Totonga Clinic,Midlands,Gweru,-19.429408,29.826783,RHC,RURAL_HEALTH_CENTRE,Town/City Council,LOCAL_AUTHORITY,Urban,URBAN,Primary,PRIMARY,786933127,,,,,,,Status,YES,READY_WITH_COORDINATES,STAGED_REVIEW_REQUIRED,MASTER_HEALTH_FACILITY_2024_07_23,,DUPLICATE_FACILITY_NAME
1811,,1 Air Defence Health Services Platoon,Midlands,Gweru,,,,,,,,,,,,,,,,,,Latitude; Longitude; Facility Type; Ownership; Status,YES,INCOMPLETE_MISSING_COORDINATES,STAGED_REVIEW_REQUIRED,MASTER_HEALTH_FACILITY_2024_07_23,Facility Code,MISSING_REQUIRED: Facility Code
1812,,Al Davies Clinic,Midlands,Kwekwe,-18.936458,29.812788,RHC,RURAL_HEALTH_CENTRE,Town/City Council,LOCAL_AUTHORITY,Urban,URBAN,Primary,PRIMARY,783283017,Functional,ACTIVE_OR_OPERATIONAL,,,,,,NO,READY_WITH_COORDINATES,STAGED_REVIEW_REQUIRED,MASTER_HEALTH_FACILITY_2024_07_23,Facility Code,MISSING_REQUIRED: Facility Code
1815,,Dambridge Clinic,Midlands,Kwekwe,-19.09317,29.109643,RDC,CLINIC,Rural Council,RURAL_DISTRICT_COUNCIL,Rural,RURAL,Primary,PRIMARY,787968082,Functional,ACTIVE_OR_OPERATIONAL,,,,,,NO,READY_WITH_COORDINATES,STAGED_REVIEW_REQUIRED,MASTER_HEALTH_FACILITY_2024_07_23,Facility Code,MISSING_REQUIRED: Facility Code
1828,,Mbizo 16 clinic,Midlands,Kwekwe,-18.910519,29.85876,RHC,RURAL_HEALTH_CENTRE,Town/City Council,LOCAL_AUTHORITY,Rural,RURAL,Primary,PRIMARY,787968080,,,,,,,Status,YES,READY_WITH_COORDINATES,STAGED_REVIEW_REQUIRED,MASTER_HEALTH_FACILITY_2024_07_23,Facility Code,MISSING_REQUIRED: Facility Code
1832,,Mpinda Clinic,Midlands,Kwekwe,-19.152988,29.248753,RDC,CLINIC,Rural Council,RURAL_DISTRICT_COUNCIL,Rural,RURAL,Primary,PRIMARY,787968091,,,,,,,Status,YES,READY_WITH_COORDINATES,STAGED_REVIEW_REQUIRED,MASTER_HEALTH_FACILITY_2024_07_23,Facility Code,MISSING_REQUIRED: Facility Code
1835,,Neighbourhood Surgery,Midlands,Kwekwe,,,RHC,RURAL_HEALTH_CENTRE,Private,PRIVATE,Urban,URBAN,Primary,PRIMARY,,,,,,,,Latitude; Longitude; Status,YES,INCOMPLETE_MISSING_COORDINATES,STAGED_REVIEW_REQUIRED,MASTER_HEALTH_FACILITY_2024_07_23,Facility Code,MISSING_REQUIRED: Facility Code
1838,,PSMAS clinic,Midlands,Kwekwe,,,RHC,RURAL_HEALTH_CENTRE,Private,PRIVATE,Urban,URBAN,Primary,PRIMARY,,,,,,,,Latitude; Longitude; Status,YES,INCOMPLETE_MISSING_COORDINATES,STAGED_REVIEW_REQUIRED,MASTER_HEALTH_FACILITY_2024_07_23,Facility Code,MISSING_REQUIRED: Facility Code
1842,,Ruvimbo Poly Clinic,Midlands,Kwekwe,-18.901516,29.849349,RHC,RURAL_HEALTH_CENTRE,Private,PRIVATE,Urban,URBAN,Primary,PRIMARY,787968072,,,,,,,Status,YES,READY_WITH_COORDINATES,STAGED_REVIEW_REQUIRED,MASTER_HEALTH_FACILITY_2024_07_23,Facility Code,MISSING_REQUIRED: Facility Code
1847,,Shekinah,Midlands,Kwekwe,,,,,Private,PRIVATE,,,Primary,PRIMARY,,,,,,,,Latitude; Longitude; Facility Type; Status,YES,INCOMPLETE_MISSING_COORDINATES,STAGED_REVIEW_REQUIRED,MASTER_HEALTH_FACILITY_2024_07_23,Facility Code,MISSING_REQUIRED: Facility Code
1849,,Sigezibubi Clinic,Midlands,Kwekwe,-18.735848,28.961573,RDC,CLINIC,Rural Council,RURAL_DISTRICT_COUNCIL,Rural,RURAL,Primary,PRIMARY,787968075,,,,,,,Status,YES,READY_WITH_COORDINATES,STAGED_REVIEW_REQUIRED,MASTER_HEALTH_FACILITY_2024_07_23,Facility Code,MISSING_REQUIRED: Facility Code
1854,,Topomazi Clinic,Midlands,Kwekwe,,,RHC,RURAL_HEALTH_CENTRE,Private,PRIVATE,Urban,URBAN,Primary,PRIMARY,,,,,,,,Latitude; Longitude; Status,YES,INCOMPLETE_MISSING_COORDINATES,STAGED_REVIEW_REQUIRED,MASTER_HEALTH_FACILITY_2024_07_23,Facility Code,MISSING_REQUIRED: Facility Code
1857,,Zibagwe Rural District Council Clinic,Midlands,Kwekwe,-18.934366,29.808017,RDC,CLINIC,Rural Council,RURAL_DISTRICT_COUNCIL,Urban,URBAN,Primary,PRIMARY,783283015,,,,,,,Status,YES,READY_WITH_COORDINATES,STAGED_REVIEW_REQUIRED,MASTER_HEALTH_FACILITY_2024_07_23,Facility Code,MISSING_REQUIRED: Facility Code
1858,,ZPS Kwekwe Prison Clinic,Midlands,Kwekwe,,,RHC,RURAL_HEALTH_CENTRE,ZPS,ZIMBABWE_PRISONS_AND_CORRECTIONAL_SERVICE,Urban,URBAN,Primary,PRIMARY,787968077,,,,,,,Latitude; Longitude; Status,YES,INCOMPLETE_MISSING_COORDINATES,STAGED_REVIEW_REQUIRED,MASTER_HEALTH_FACILITY_2024_07_23,Facility Code,MISSING_REQUIRED: Facility Code
1859,,ZRP Kwekwe clinic,Midlands,Kwekwe,,,RHC,RURAL_HEALTH_CENTRE,ZRP,ZIMBABWE_REPUBLIC_POLICE,Urban,URBAN,Primary,PRIMARY,775594478,,,,,,,Latitude; Longitude; Status,YES,INCOMPLETE_MISSING_COORDINATES,STAGED_REVIEW_REQUIRED,MASTER_HEALTH_FACILITY_2024_07_23,Facility Code,MISSING_REQUIRED: Facility Code
1871,ZW0706B,Jeka Rural Hospital,Midlands,Mberengwa,-20.844302,29.932202,Rural Hospital,RURAL_HOSPITAL,Government,GOVERNMENT,Rural,RURAL,Secondary,SECONDARY,0718-956-739,Open,ACTIVE_OR_OPERATIONAL,35,,,,,NO,READY_WITH_COORDINATES,STAGED_REVIEW_REQUIRED,MASTER_HEALTH_FACILITY_2024_07_23,,DUPLICATE_FACILITY_CODE
1901,ZW070702,Chironde Rural Health Centre,Midlands,Shurugwi,-19.659163,30.103386,RHC,RURAL_HEALTH_CENTRE,Government,GOVERNMENT,Rural,RURAL,Primary,PRIMARY,263 789003203,Open,ACTIVE_OR_OPERATIONAL,13,Apr-91,,,,NO,READY_WITH_COORDINATES,STAGED_REVIEW_REQUIRED,MASTER_HEALTH_FACILITY_2024_07_23,,DUPLICATE_FACILITY_CODE
1906,ZW070726,Gundura Clinic,Midlands,Shurugwi,-19.884761,30.083212,RDC,CLINIC,Rural Council,RURAL_DISTRICT_COUNCIL,Rural,RURAL,Primary,PRIMARY,263 781090166,Open,ACTIVE_OR_OPERATIONAL,3,1973,,,,NO,READY_WITH_COORDINATES,STAGED_REVIEW_REQUIRED,MASTER_HEALTH_FACILITY_2024_07_23,,DUPLICATE_FACILITY_NAME
1915,ZW070728,Nhema Clinic,Midlands,Shurugwi,-19.619096,30.219774,RDC,CLINIC,Rural Council,RURAL_DISTRICT_COUNCIL,Rural,RURAL,Primary,PRIMARY,263 788896286,Open,ACTIVE_OR_OPERATIONAL,3,1975,,,,NO,READY_WITH_COORDINATES,STAGED_REVIEW_REQUIRED,MASTER_HEALTH_FACILITY_2024_07_23,,DUPLICATE_FACILITY_NAME
1926,ZW070771,Totonga Clinic,Midlands,Shurugwi,-19.6149524,29.8620562,RDC,CLINIC,Rural Council,RURAL_DISTRICT_COUNCIL,Rural,RURAL,Primary,PRIMARY,263787111885,Open,ACTIVE_OR_OPERATIONAL,2,44569,,,,NO,READY_WITH_COORDINATES,STAGED_REVIEW_REQUIRED,MASTER_HEALTH_FACILITY_2024_07_23,,DUPLICATE_FACILITY_NAME
1931,ZW0706B,Zvamabande Rural Hospital,Midlands,Shurugwi,-19.799111,30.131376,Rural Hospital,RURAL_HOSPITAL,Government,GOVERNMENT,Rural,RURAL,Secondary,SECONDARY,263 772771208,Open,ACTIVE_OR_OPERATIONAL,30,1940,,,,NO,READY_WITH_COORDINATES,STAGED_REVIEW_REQUIRED,MASTER_HEALTH_FACILITY_2024_07_23,,DUPLICATE_FACILITY_CODE
1934,,Avante Clinic,Midlands,Zvishavane,,,RHC,RURAL_HEALTH_CENTRE,Private,PRIVATE,Urban,URBAN,Primary,PRIMARY,0772788479,Open,ACTIVE_OR_OPERATIONAL,2,,,,Latitude; Longitude,YES,INCOMPLETE_MISSING_COORDINATES,STAGED_REVIEW_REQUIRED,MASTER_HEALTH_FACILITY_2024_07_23,Facility Code,MISSING_REQUIRED: Facility Code
1939,,Drinkwater Nursing Home,Midlands,Zvishavane,-20.317604,30.059111,RHC,RURAL_HEALTH_CENTRE,Private,PRIVATE,Urban,URBAN,Primary,PRIMARY,0773522313,Open,ACTIVE_OR_OPERATIONAL,8,,,,,NO,READY_WITH_COORDINATES,STAGED_REVIEW_REQUIRED,MASTER_HEALTH_FACILITY_2024_07_23,Facility Code,MISSING_REQUIRED: Facility Code
1946,ZW070827,Mapanzure Clinic,Midlands,Zvishavane,-20.077786,29.913877,RDC,CLINIC,Rural Council,RURAL_DISTRICT_COUNCIL,Rural,RURAL,Primary,PRIMARY,0787177343,Open,ACTIVE_OR_OPERATIONAL,9,,,,,NO,READY_WITH_COORDINATES,STAGED_REVIEW_REQUIRED,MASTER_HEALTH_FACILITY_2024_07_23,,DUPLICATE_FACILITY_NAME
1948,ZW070803,Matenda Rural Health Centre,Midlands,Zvishavane,-19.996657,30.056332,RHC,RURAL_HEALTH_CENTRE,Government,GOVERNMENT,Rural,RURAL,Primary,PRIMARY,0787177351,Open,ACTIVE_OR_OPERATIONAL,6,,,,,NO,READY_WITH_COORDINATES,STAGED_REVIEW_REQUIRED,MASTER_HEALTH_FACILITY_2024_07_23,,DUPLICATE_FACILITY_CODE
1952,,MSU Clinic,Midlands,Zvishavane,-19.4929069,29.8048731,RHC,RURAL_HEALTH_CENTRE,Private,PRIVATE,Urban,URBAN,Primary,PRIMARY,0773634710,Open,ACTIVE_OR_OPERATIONAL,12,,,,,NO,READY_WITH_COORDINATES,STAGED_REVIEW_REQUIRED,MASTER_HEALTH_FACILITY_2024_07_23,Facility Code,MISSING_REQUIRED: Facility Code
2024,,HelpStarts Medical Clinic,Bulawayo,Northern Suburbs,,,Clinic,CLINIC,Private,PRIVATE,Urban,URBAN,Primary,PRIMARY,,Open,ACTIVE_OR_OPERATIONAL,,45658,,"New Facility, Not in DHIS, Serices offered, Vaccination, Vitamin A, Growth Monitoring, Family PLanning, VIAC,",Latitude; Longitude,YES,INCOMPLETE_MISSING_COORDINATES,STAGED_REVIEW_REQUIRED,MASTER_HEALTH_FACILITY_2024_07_23,Facility Code,MISSING_REQUIRED: Facility Code
